index,latitude,longitude,x_m,y_m,direction,mode,drive_level
0,37.2889535686,127.1076513761,0.000,0.000,1,NORMAL,2.00
1,37.2889554688,127.1076428469,-0.755,0.212,1,NORMAL,2.00
2,37.2889573353,127.1076352117,-1.432,0.419,1,NORMAL,2.00
3,37.2889596352,127.1076265469,-2.199,0.675,1,NORMAL,2.00
4,37.2889620351,127.1076175822,-2.993,0.942,1,NORMAL,2.00
5,37.2889643015,127.1076071793,-3.914,1.195,1,NORMAL,2.00
6,37.2889667012,127.1075977175,-4.752,1.462,1,NORMAL,2.00
7,37.2889692011,127.1075866793,-5.730,1.740,1,NORMAL,2.00
8,37.2889712676,127.1075769146,-6.595,1.970,1,NORMAL,2.00
9,37.2889735342,127.1075663440,-7.531,2.223,1,NORMAL,2.00
10,37.2889750673,127.1075561822,-8.431,2.393,1,NORMAL,2.00
11,37.2889777009,127.1075465909,-9.280,2.686,1,NORMAL,2.00
12,37.2889807678,127.1075347880,-10.326,3.028,1,NORMAL,2.00
13,37.2889837345,127.1075230822,-11.362,3.358,1,NORMAL,2.00
14,37.2889867013,127.1075096647,-12.551,3.688,1,NORMAL,2.00
15,37.2889892679,127.1074991618,-13.481,3.974,1,NORMAL,2.00
16,37.2889914011,127.1074900324,-14.289,4.212,1,NORMAL,2.00
17,37.2889935678,127.1074806324,-15.122,4.453,1,NORMAL,2.00
18,37.2889960010,127.1074712705,-15.951,4.724,1,NORMAL,2.00
19,37.2889986010,127.1074604353,-16.911,5.013,1,NORMAL,2.00
20,37.2890009343,127.1074508382,-17.761,5.273,1,NORMAL,2.00
21,37.2890033674,127.1074411735,-18.617,5.544,1,NORMAL,2.00
22,37.2890065008,127.1074295000,-19.650,5.892,1,NORMAL,2.00
23,37.2890093008,127.1074186265,-20.613,6.204,1,NORMAL,2.00
24,37.2890122342,127.1074099676,-21.380,6.531,1,NORMAL,2.00
25,37.2890148675,127.1073999324,-22.269,6.824,1,NORMAL,2.00
26,37.2890172675,127.1073918706,-22.983,7.091,1,NORMAL,2.00
27,37.2890203675,127.1073823676,-23.825,7.436,1,NORMAL,2.00
28,37.2890223006,127.1073744087,-24.530,7.651,1,NORMAL,2.00
29,37.2890239004,127.1073694997,-24.964,7.829,1,NORMAL,2.00
30,37.2890256996,127.1073654207,-25.326,8.030,1,NORMAL,2.00
31,37.2890271998,127.1073610414,-0.388,0.167,1,SLOPE,2.00
32,37.2890288999,127.1073561796,-0.818,0.356,1,SLOPE,2.00
33,37.2890307998,127.1073509295,-1.283,0.568,1,SLOPE,2.00
34,37.2890338000,127.1073413589,-2.131,0.902,1,SLOPE,2.00
35,37.2890363666,127.1073337324,-2.806,1.187,1,SLOPE,2.00
36,37.2890383665,127.1073259705,-3.494,1.410,1,SLOPE,2.00
37,37.2890413000,127.1073154000,-4.430,1.737,1,SLOPE,2.00
38,37.2890437000,127.1073060295,-5.260,2.004,1,SLOPE,2.00
39,37.2890459331,127.1072965942,-6.096,2.252,1,SLOPE,2.00
40,37.2890479997,127.1072871265,-6.934,2.482,1,SLOPE,2.00
41,37.2890504330,127.1072764531,-7.879,2.753,1,SLOPE,2.00
42,37.2890520661,127.1072689942,-8.540,2.935,1,SLOPE,2.00
43,37.2890530000,127.1072633000,-9.044,3.039,1,SLOPE,2.00
44,37.2890538000,127.1072584000,-0.434,0.089,1,D_COURSE,2.00
45,37.2890560000,127.1072509000,-1.098,0.334,1,D_COURSE,2.00
46,37.2890585000,127.1072428000,-1.816,0.612,1,D_COURSE,2.00
47,37.2890609000,127.1072328000,-2.701,0.879,1,D_COURSE,2.00
48,37.2890633000,127.1072221000,-3.649,1.147,1,D_COURSE,2.00
49,37.2890660000,127.1072116000,-4.579,1.447,1,D_COURSE,2.00
50,37.2890688000,127.1072008000,-5.535,1.759,1,D_COURSE,2.00
51,37.2890719000,127.1071896000,-6.527,2.104,1,D_COURSE,2.00
52,37.2890750000,127.1071782000,-7.537,2.449,1,D_COURSE,2.00
53,37.2890780000,127.1071678000,-8.458,2.783,1,D_COURSE,2.00
54,37.2890809000,127.1071571000,-9.406,3.106,1,D_COURSE,2.00
55,37.2890834000,127.1071465000,-10.344,3.384,1,D_COURSE,2.00
56,37.2890870003,127.1071362676,-11.251,3.785,1,D_COURSE,2.00
57,37.2890901671,127.1071264705,-12.118,4.137,1,D_COURSE,2.00
58,37.2890933337,127.1071162382,-13.024,4.490,1,D_COURSE,2.00
59,37.2890967338,127.1071048000,-14.037,4.868,1,D_COURSE,2.00
60,37.2891004674,127.1070939324,-15.000,5.284,1,D_COURSE,2.00
61,37.2891038343,127.1070836353,-15.912,5.659,1,D_COURSE,2.00
62,37.2891069343,127.1070729029,-16.862,6.004,1,D_COURSE,2.00
63,37.2891104010,127.1070614676,-17.875,6.390,1,D_COURSE,2.00
64,37.2891143011,127.1070495324,-18.932,6.824,1,D_COURSE,2.00
65,37.2891185681,127.1070376971,-19.980,7.299,1,D_COURSE,2.00
66,37.2891201012,127.1070274382,-20.889,7.470,1,D_COURSE,2.00
67,37.2891217347,127.1070156764,-21.931,7.652,1,D_COURSE,2.00
68,37.2891219348,127.1070014676,-23.189,7.674,1,D_COURSE,2.00
69,37.2891206015,127.1069888647,-24.305,7.525,1,D_COURSE,2.00
70,37.2891172680,127.1069765265,-25.398,7.154,1,D_COURSE,2.00
71,37.2891129346,127.1069655942,-26.366,6.672,1,D_COURSE,2.00
72,37.2891041004,127.1069542883,-27.367,5.688,1,D_COURSE,2.00
73,37.2890965000,127.1069471000,-28.004,4.842,1,D_COURSE,2.00
74,37.2890892000,127.1069387000,-28.748,4.030,1,D_COURSE,2.00
75,37.2890814000,127.1069310000,-29.430,3.161,1,D_COURSE,2.00
76,37.2890735000,127.1069245000,-30.006,2.282,1,D_COURSE,2.00
77,37.2890651000,127.1069182000,-30.564,1.347,1,D_COURSE,2.00
78,37.2890565000,127.1069124000,-31.077,0.390,1,D_COURSE,2.00
79,37.2890479000,127.1069074000,-31.520,-0.568,1,D_COURSE,2.00
80,37.2890388000,127.1069030000,-31.910,-1.581,1,D_COURSE,2.00
81,37.2890295000,127.1068986000,-32.300,-2.616,1,D_COURSE,2.00
82,37.2890203000,127.1068945000,-32.663,-3.640,1,D_COURSE,2.00
83,37.2890112000,127.1068907000,-32.999,-4.653,1,D_COURSE,2.00
84,37.2890020000,127.1068872000,-33.309,-5.677,1,D_COURSE,2.00
85,37.2889925000,127.1068846000,-33.539,-6.735,1,D_COURSE,2.00
86,37.2889826000,127.1068840000,-33.593,-7.837,1,D_COURSE,2.00
87,37.2889728000,127.1068854000,-33.469,-8.928,1,D_COURSE,2.00
88,37.2889633000,127.1068885000,-33.194,-9.985,1,D_COURSE,2.00
89,37.2889540000,127.1068929000,-32.804,-11.021,1,D_COURSE,2.00
90,37.2889454000,127.1068986000,-32.300,-11.978,1,D_COURSE,2.00
91,37.2889375000,127.1069051000,-31.724,-12.857,1,D_COURSE,2.00
92,37.2889306000,127.1069131000,-31.015,-13.626,1,D_COURSE,2.00
93,37.2889243000,127.1069219000,-30.236,-14.327,1,D_COURSE,2.00
94,37.2889190000,127.1069312000,-29.412,-14.917,1,D_COURSE,2.00
95,37.2889137000,127.1069407000,-28.571,-15.507,1,D_COURSE,2.00
96,37.2889090000,127.1069504000,-27.712,-16.030,1,D_COURSE,2.00
97,37.2889049000,127.1069606000,-26.809,-16.486,1,D_COURSE,2.00
98,37.2889016000,127.1069713000,-25.861,-16.854,1,D_COURSE,2.00
99,37.2888989000,127.1069818000,-24.931,-17.154,1,D_COURSE,2.00
100,37.2888962000,127.1069929000,-23.948,-17.455,1,D_COURSE,2.00
101,37.2888947000,127.1070042000,-22.947,-17.622,1,D_COURSE,2.00
102,37.2888946998,127.1070169764,-21.816,-17.622,1,D_COURSE,2.00
103,37.2888974330,127.1070304557,-20.622,-17.318,1,D_COURSE,2.00
104,37.2889034665,127.1070413321,-19.658,-16.646,1,D_COURSE,2.00
105,37.2889113667,127.1070495673,-18.929,-15.767,1,D_COURSE,2.00
106,37.2889178664,127.1070544910,-18.493,-15.043,1,D_COURSE,2.00
107,37.2889259331,127.1070602233,-17.985,-14.145,1,D_COURSE,2.00
108,37.2889350000,127.1070665968,-17.421,-13.136,1,D_COURSE,2.00
109,37.2889423998,127.1070718673,-16.954,-12.312,1,D_COURSE,2.00
110,37.2889500330,127.1070765321,-16.541,-11.462,1,D_COURSE,2.00
111,37.2889581664,127.1070816615,-16.087,-10.557,1,D_COURSE,2.00
112,37.2889660330,127.1070865586,-15.653,-9.681,1,D_COURSE,2.00
113,37.2889748665,127.1070909851,-15.261,-8.698,1,D_COURSE,2.00
114,37.2889830000,127.1070945000,-14.950,-7.792,1,D_COURSE,2.00
115,37.2889887000,127.1071025000,-14.241,-7.158,1,D_COURSE,2.00
116,37.2889928000,127.1071115000,-13.444,-6.701,1,D_COURSE,2.00
117,37.2889949000,127.1071203000,-12.665,-6.468,1,D_COURSE,2.00
118,37.2889956000,127.1071293000,-11.868,-6.390,1,D_COURSE,2.00
119,37.2889951000,127.1071380000,-11.097,-6.445,1,D_COURSE,2.00
120,37.2889935000,127.1071469000,-10.309,-6.624,1,D_COURSE,2.00
121,37.2889911000,127.1071560000,-9.503,-6.891,1,D_COURSE,2.00
122,37.2889880000,127.1071663000,-8.591,-7.236,1,D_COURSE,2.00
123,37.2889845000,127.1071765000,-7.687,-7.625,1,D_COURSE,2.00
124,37.2889812000,127.1071864000,-6.811,-7.993,1,D_COURSE,2.00
125,37.2889773000,127.1071965000,-5.916,-8.427,1,D_COURSE,2.00
126,37.2889733000,127.1072062000,-5.057,-8.872,1,D_COURSE,2.00
127,37.2889692000,127.1072152000,-4.260,-9.329,1,D_COURSE,2.00
128,37.2889649000,127.1072245000,-3.436,-9.807,1,D_COURSE,2.00
129,37.2889600000,127.1072336000,-2.630,-10.353,1,D_COURSE,2.00
130,37.2889549000,127.1072426000,-1.833,-10.920,1,D_COURSE,2.00
131,37.2889496000,127.1072513000,-1.063,-11.510,1,D_COURSE,2.00
132,37.2889433000,127.1072600087,-0.291,-12.212,1,D_COURSE,2.00
133,37.2889367335,127.1072695291,0.552,-12.943,1,D_COURSE,2.00
134,37.2889274664,127.1072756703,1.096,-13.974,1,D_COURSE,2.00
135,37.2889189330,127.1072800084,1.480,-14.924,1,D_COURSE,2.00
136,37.2889102998,127.1072842114,1.852,-15.885,1,D_COURSE,2.00
137,37.2889006995,127.1072884466,2.227,-16.954,1,D_COURSE,2.00
138,37.2888912993,127.1072882055,2.206,-18.000,1,D_COURSE,2.00
139,37.2888830993,127.1072847586,1.900,-18.913,1,D_COURSE,2.00
140,37.2888749993,127.1072818586,1.644,-19.815,1,D_COURSE,2.00
141,37.2888664658,127.1072773528,1.245,-20.765,1,D_COURSE,2.00
142,37.2888597663,127.1072736175,0.914,-21.511,1,D_COURSE,2.00
143,37.2888517330,127.1072700822,0.601,-22.405,1,D_COURSE,2.00
144,37.2888439998,127.1072658469,0.226,-23.266,1,D_COURSE,2.00
145,37.2888348328,127.1072622175,-0.096,-24.286,1,D_COURSE,2.00
146,37.2888270663,127.1072581822,-0.453,-25.151,1,D_COURSE,2.00
147,37.2888198998,127.1072552146,-0.716,-25.949,1,D_COURSE,2.00
148,37.2888147001,127.1072520544,-0.996,-26.527,1,D_COURSE,2.00
149,37.2888126000,127.1072506000,-1.125,-26.761,1,D_COURSE,2.00
150,37.2888113997,127.1072498600,-1.190,-26.895,1,D_COURSE,2.00
151,37.2888096000,127.1072487000,-1.293,-27.095,1,D_COURSE,2.00
152,37.2888031000,127.1072441000,-1.700,-27.819,1,D_COURSE,2.00
153,37.2887952000,127.1072390000,-2.152,-28.698,1,D_COURSE,2.00
154,37.2887862000,127.1072347000,-2.533,-29.700,1,NORMAL,2.00
155,37.2887765000,127.1072306000,-2.896,-30.780,1,NORMAL,2.00
156,37.2887668000,127.1072264000,-3.268,-31.860,1,NORMAL,2.00
157,37.2887576000,127.1072220000,-3.658,-32.884,1,NORMAL,2.00
158,37.2887488000,127.1072174000,-4.065,-33.863,1,NORMAL,2.00
159,37.2887402000,127.1072125000,-4.499,-34.821,1,NORMAL,2.00
160,37.2887316000,127.1072076000,-4.933,-35.778,1,NORMAL,2.00
161,37.2887226000,127.1072028000,-5.358,-36.780,1,NORMAL,2.00
162,37.2887135000,127.1071982000,-5.766,-37.793,1,NORMAL,2.00
163,37.2887045000,127.1071935000,-6.182,-38.795,1,NORMAL,2.00
164,37.2886957000,127.1071893000,-6.554,-39.774,1,NORMAL,2.00
165,37.2886868000,127.1071847000,-6.961,-40.765,1,NORMAL,2.00
166,37.2886777000,127.1071801000,-7.369,-41.778,1,NORMAL,2.00
167,37.2886686000,127.1071760000,-7.732,-42.791,1,NORMAL,2.00
168,37.2886595000,127.1071722000,-8.068,-43.804,1,NORMAL,2.00
169,37.2886505000,127.1071681000,-8.431,-44.806,1,NORMAL,2.00
170,37.2886418000,127.1071634000,-8.848,-45.775,1,NORMAL,2.00
171,37.2886334000,127.1071585000,-9.282,-46.710,1,NORMAL,2.00
172,37.2886248000,127.1071544000,-9.645,-47.667,1,NORMAL,2.00
173,37.2886160000,127.1071509000,-9.955,-48.647,1,NORMAL,2.00
174,37.2886068000,127.1071467000,-10.327,-49.671,1,NORMAL,2.00
175,37.2885977000,127.1071418000,-10.761,-50.684,1,NORMAL,2.00
176,37.2885891000,127.1071366000,-11.221,-51.641,1,NORMAL,2.00
177,37.2885803000,127.1071318000,-11.646,-52.621,1,NORMAL,2.00
178,37.2885713000,127.1071274000,-12.036,-53.623,1,NORMAL,2.00
179,37.2885621000,127.1071227000,-12.452,-54.647,1,NORMAL,2.00
180,37.2885530000,127.1071175000,-12.913,-55.660,1,NORMAL,2.00
181,37.2885444000,127.1071124000,-13.364,-56.617,1,NORMAL,2.00
182,37.2885363000,127.1071065000,-13.887,-57.519,1,NORMAL,2.00
183,37.2885284000,127.1070994000,-14.516,-58.398,1,S_COURSE,2.00
184,37.2885210000,127.1070919000,-15.180,-59.222,1,S_COURSE,2.00
185,37.2885146000,127.1070831000,-15.959,-59.934,1,S_COURSE,2.00
186,37.2885096000,127.1070732000,-16.836,-60.491,1,S_COURSE,2.00
187,37.2885065000,127.1070629000,-17.748,-60.836,1,S_COURSE,2.00
188,37.2885052000,127.1070521000,-18.705,-60.981,1,S_COURSE,2.00
189,37.2885045000,127.1070412000,-19.670,-61.059,1,S_COURSE,2.00
190,37.2885046000,127.1070298000,-20.680,-61.048,1,S_COURSE,2.00
191,37.2885060000,127.1070184000,-21.689,-60.892,1,S_COURSE,2.00
192,37.2885093000,127.1070081000,-22.602,-60.524,1,S_COURSE,2.00
193,37.2885150000,127.1069996000,-23.354,-59.890,1,S_COURSE,2.00
194,37.2885225000,127.1069927000,-23.966,-59.055,1,S_COURSE,2.00
195,37.2885305000,127.1069869000,-24.479,-58.164,1,S_COURSE,2.00
196,37.2885401005,127.1069806589,-25.032,-57.096,1,S_COURSE,2.00
197,37.2885491672,127.1069756472,-25.476,-56.086,1,S_COURSE,2.00
198,37.2885582672,127.1069742120,-25.603,-55.073,1,S_COURSE,2.00
199,37.2885688342,127.1069755472,-25.485,-53.897,1,S_COURSE,2.00
200,37.2885771005,127.1069777472,-25.290,-52.977,1,S_COURSE,2.00
201,37.2885848000,127.1069836000,-24.772,-52.120,1,S_COURSE,2.00
202,37.2885945667,127.1069892822,-24.268,-51.033,1,S_COURSE,2.00
203,37.2886038000,127.1069928175,-23.955,-50.005,1,S_COURSE,2.00
204,37.2886136335,127.1069957528,-23.695,-48.910,1,S_COURSE,2.00
205,37.2886238337,127.1069960469,-23.669,-47.775,1,S_COURSE,2.00
206,37.2886333005,127.1069947058,-23.788,-46.721,1,S_COURSE,2.00
207,37.2886405000,127.1069916000,-24.063,-45.919,1,S_COURSE,2.00
208,37.2886490000,127.1069876000,-24.417,-44.973,1,S_COURSE,2.00
209,37.2886572000,127.1069822000,-24.896,-44.060,1,S_COURSE,2.00
210,37.2886648000,127.1069759000,-25.453,-43.214,1,S_COURSE,2.00
211,37.2886724000,127.1069685000,-26.109,-42.368,1,S_COURSE,2.00
212,37.2886792000,127.1069600000,-26.862,-41.611,1,S_COURSE,2.00
213,37.2886843000,127.1069501000,-27.738,-41.043,1,S_COURSE,2.00
214,37.2886880000,127.1069389000,-28.730,-40.632,1,S_COURSE,2.00
215,37.2886908000,127.1069275000,-29.740,-40.320,1,S_COURSE,2.00
216,37.2886924000,127.1069161000,-30.750,-40.142,1,S_COURSE,2.00
217,37.2886929000,127.1069044000,-31.786,-40.086,1,S_COURSE,2.00
218,37.2886923000,127.1068930000,-32.795,-40.153,1,S_COURSE,2.00
219,37.2886913000,127.1068822000,-33.752,-40.264,1,S_COURSE,2.00
220,37.2886868658,127.1068694531,-34.881,-40.758,1,S_COURSE,2.00
221,37.2886852326,127.1068591883,-35.790,-40.940,1,S_COURSE,2.00
222,37.2886830323,127.1068489236,-36.699,-41.185,1,S_COURSE,2.00
223,37.2886826323,127.1068379883,-37.668,-41.229,1,S_COURSE,2.00
224,37.2886822988,127.1068273531,-38.609,-41.266,1,S_COURSE,2.00
225,37.2886834656,127.1068166531,-39.557,-41.136,1,S_COURSE,2.00
226,37.2886870661,127.1068066883,-40.440,-40.736,1,S_COURSE,2.00
227,37.2886915663,127.1067979589,-41.213,-40.235,1,S_COURSE,2.00
228,37.2886963663,127.1067890236,-42.004,-39.700,1,S_COURSE,2.00
229,37.2887023000,127.1067818000,-42.644,-39.040,1,S_COURSE,2.00
230,37.2887075000,127.1067733000,-43.397,-38.461,1,S_COURSE,2.00
231,37.2887139000,127.1067664000,-44.008,-37.748,1,S_COURSE,2.00
232,37.2887213000,127.1067608000,-44.504,-36.925,1,S_COURSE,2.00
233,37.2887293000,127.1067565000,-44.885,-36.034,1,S_COURSE,2.00
234,37.2887377000,127.1067528000,-45.212,-35.099,1,S_COURSE,2.00
235,37.2887463000,127.1067495000,-45.504,-34.142,1,S_COURSE,2.00
236,37.2887551000,127.1067481000,-45.628,-33.162,1,S_COURSE,2.00
237,37.2887639000,127.1067480000,-45.637,-32.182,1,S_COURSE,2.00
238,37.2887724000,127.1067491000,-45.540,-31.236,1,S_COURSE,2.00
239,37.2887808000,127.1067512000,-45.354,-30.301,1,S_COURSE,2.00
240,37.2887888000,127.1067550000,-45.017,-29.411,1,S_COURSE,2.00
241,37.2887966000,127.1067600000,-44.575,-28.542,1,S_COURSE,2.00
242,37.2888037000,127.1067662000,-44.025,-27.752,1,S_COURSE,2.00
243,37.2888101000,127.1067727000,-43.450,-27.040,1,S_COURSE,2.00
244,37.2888156000,127.1067806000,-42.750,-26.427,1,S_COURSE,2.00
245,37.2888195000,127.1067897000,-41.944,-25.993,1,S_COURSE,2.00
246,37.2888217000,127.1067995000,-41.076,-25.748,1,S_COURSE,2.00
247,37.2888230000,127.1068102000,-40.129,-25.603,1,S_COURSE,2.00
248,37.2888234000,127.1068211000,-39.163,-25.559,1,S_COURSE,2.00
249,37.2888232000,127.1068321000,-38.189,-25.581,1,S_COURSE,2.00
250,37.2888220000,127.1068430000,-37.224,-25.715,1,S_COURSE,2.00
251,37.2888199000,127.1068540000,-36.249,-25.949,1,S_COURSE,2.00
252,37.2888173000,127.1068651000,-35.266,-26.238,1,S_COURSE,2.00
253,37.2888144000,127.1068758000,-34.319,-26.561,1,S_COURSE,2.00
254,37.2888114000,127.1068867000,-33.353,-26.895,1,NORMAL,2.00
255,37.2888085000,127.1068980000,-32.353,-27.218,1,NORMAL,2.00
256,37.2888053000,127.1069086000,-31.414,-27.574,1,NORMAL,2.00
257,37.2888018000,127.1069194000,-30.457,-27.963,1,NORMAL,2.00
258,37.2887983000,127.1069303000,-29.492,-28.353,1,NORMAL,2.00
259,37.2887948000,127.1069413000,-28.518,-28.743,1,NORMAL,2.00
260,37.2887916000,127.1069522000,-27.552,-29.099,1,NORMAL,2.00
261,37.2887881000,127.1069627000,-26.623,-29.489,1,NORMAL,2.00
262,37.2887845000,127.1069733000,-25.684,-29.889,1,NORMAL,2.00
263,37.2887807000,127.1069837000,-24.763,-30.312,1,NORMAL,2.00
264,37.2887775000,127.1069944000,-23.815,-30.669,1,NORMAL,2.00
265,37.2887745000,127.1070053000,-22.850,-31.002,1,NORMAL,2.00
266,37.2887712000,127.1070158000,-21.920,-31.370,1,NORMAL,2.00
267,37.2887673000,127.1070258000,-21.034,-31.804,1,NORMAL,2.00
268,37.2887636000,127.1070358000,-20.148,-32.216,1,NORMAL,2.00
269,37.2887606000,127.1070463000,-19.219,-32.550,1,NORMAL,2.00
270,37.2887575000,127.1070571000,-18.262,-32.895,1,NORMAL,2.00
271,37.2887544000,127.1070680000,-17.297,-33.240,1,NORMAL,2.00
272,37.2887509000,127.1070788000,-16.340,-33.630,1,NORMAL,2.00
273,37.2887475000,127.1070898000,-15.366,-34.008,1,NORMAL,2.00
274,37.2887443000,127.1071000000,-14.463,-34.364,1,NORMAL,2.00
275,37.2887416000,127.1071096000,-13.612,-34.665,1,NORMAL,2.00
276,37.2887393000,127.1071178000,-12.886,-34.921,1,NORMAL,2.00
277,37.2887362000,127.1071262000,-12.142,-35.266,1,NORMAL,2.00
278,37.2887328000,127.1071356000,-11.310,-35.645,1,NORMAL,2.00
279,37.2887294000,127.1071459000,-10.397,-36.023,1,NORMAL,2.00
280,37.2887265000,127.1071568000,-9.432,-36.346,1,NORMAL,2.00
281,37.2887233000,127.1071667000,-8.555,-36.702,1,NORMAL,2.00
282,37.2887197000,127.1071768000,-7.661,-37.103,1,NORMAL,2.00
283,37.2887169000,127.1071873000,-6.731,-37.414,1,NORMAL,2.00
284,37.2887142000,127.1071976000,-5.819,-37.715,1,NORMAL,2.00
285,37.2887113000,127.1072072000,-4.968,-38.038,1,NORMAL,2.00
286,37.2887084000,127.1072159000,-4.198,-38.361,1,NORMAL,2.00
287,37.2887063000,127.1072241000,-3.472,-38.594,1,NORMAL,2.00
288,37.2887044000,127.1072329000,-2.692,-38.806,1,NORMAL,2.00
289,37.2887018000,127.1072423000,-1.860,-39.095,1,NORMAL,2.00
290,37.2886980000,127.1072519000,-1.010,-39.518,1,NORMAL,2.00
291,37.2886942000,127.1072616000,-0.151,-39.941,1,NORMAL,2.00
292,37.2886908000,127.1072720000,0.771,-40.320,1,NORMAL,2.00
293,37.2886882000,127.1072811000,1.576,-40.609,1,NORMAL,2.00
294,37.2886867330,127.1072848759,1.911,-40.773,1,NORMAL,2.00
295,37.2886850000,127.1072898000,0.436,-0.193,1,T_PARK,2.00
296,37.2886818000,127.1072939000,0.799,-0.549,1,T_PARK,2.00
297,37.2886775000,127.1072987000,1.224,-1.028,1,T_PARK,2.00
298,37.2886725000,127.1073017000,1.490,-1.584,1,T_PARK,2.00
299,37.2886661665,127.1073055146,1.828,-2.289,1,T_PARK,2.00
300,37.2886579994,127.1073077910,2.029,-3.199,1,T_PARK,2.00
301,37.2886516661,127.1073072233,1.979,-3.904,1,T_PARK,2.00
302,37.2886453328,127.1073042204,1.713,-4.609,1,T_PARK,2.00
303,37.2886376993,127.1073011233,1.439,-5.458,1,T_PARK,2.00
304,37.2886303993,127.1072978262,1.147,-6.271,1,T_PARK,2.00
305,37.2886225659,127.1072944291,0.846,-7.143,1,T_PARK,2.00
306,37.2886147328,127.1072905586,0.503,-8.015,1,T_PARK,2.00
307,37.2886062328,127.1072868880,0.178,-8.961,1,T_PARK,2.00
308,37.2885974328,127.1072829175,-0.173,-9.941,1,T_PARK,2.00
309,37.2885894330,127.1072797528,-0.454,-10.831,1,T_PARK,2.00
310,37.2885805998,127.1072761146,-0.776,-11.815,1,T_PARK,2.00
311,37.2885716665,127.1072722058,-1.122,-12.809,1,T_PARK,2.00
312,37.2885626998,127.1072688029,-1.424,-13.807,1,T_PARK,2.00
313,37.2885548000,127.1072655000,-1.716,-14.687,1,T_PARK,2.00
314,37.2885465000,127.1072620000,-2.026,-15.611,1,T_PARK,2.00
315,37.2885374000,127.1072584000,-2.345,-16.624,1,T_PARK,2.00
316,37.2885282000,127.1072556000,-2.593,-17.648,1,T_PARK,2.00
317,37.2885192000,127.1072529000,-2.832,-18.650,1,T_PARK,2.00
318,37.2885112000,127.1072493000,-3.151,-19.540,1,T_PARK,2.00
319,37.2885042000,127.1072460000,-3.443,-20.319,1,T_PARK,2.00
320,37.2884995000,127.1072438000,-3.638,-20.843,1,T_PARK,2.00
321,37.2884940000,127.1072411000,-3.877,-21.455,1,T_PARK,2.00
322,37.2884877000,127.1072374000,-4.205,-22.156,1,T_PARK,2.00
323,37.2884816000,127.1072341000,-4.497,-22.835,1,T_PARK,2.00
324,37.2884769000,127.1072323000,-4.656,-23.359,1,T_PARK,2.00
325,37.2884747996,127.1072314103,-4.735,-23.592,1,T_PARK,2.00
326,37.2884785000,127.1072334000,-4.559,-23.180,1,T_PARK,2.00
327,37.2884826339,127.1072351955,-4.400,-22.720,1,T_PARK,2.00
328,37.2884865005,127.1072374955,-4.196,-22.290,1,T_PARK,2.00
329,37.2884915668,127.1072406896,-3.913,-21.726,1,T_PARK,2.00
330,37.2884983000,127.1072451000,-3.523,-20.976,1,T_PARK,2.00
331,37.2885047000,127.1072522000,-2.894,-20.264,1,T_PARK,2.00
332,37.2885103667,127.1072589913,-2.292,-19.633,1,T_PARK,2.00
333,37.2885147005,127.1072666942,-1.610,-19.151,1,T_PARK,2.00
334,37.2885188344,127.1072768324,-0.712,-18.690,1,T_PARK,2.00
335,37.2885201013,127.1072865913,0.152,-18.549,1,T_PARK,2.00
336,37.2885182010,127.1072970714,1.080,-18.761,1,T_PARK,2.00
337,37.2885151674,127.1073067971,1.941,-19.099,1,T_PARK,2.00
338,37.2885112670,127.1073166647,2.815,-19.533,1,T_PARK,2.00
339,37.2885082000,127.1073270000,3.731,-19.874,1,T_PARK,2.00
340,37.2885053999,127.1073351133,4.449,-20.186,1,T_PARK,2.00
341,37.2885034000,127.1073417000,5.033,-20.409,1,T_PARK,2.00
342,37.2885024667,127.1073444515,5.276,-20.512,1,T_PARK,2.00
343,37.2885017497,127.1073461973,5.431,-20.592,1,T_PARK,2.00
344,37.2885010000,127.1073486000,5.644,-20.676,1,T_PARK,2.00
345,37.2884989000,127.1073539000,6.113,-20.909,1,T_PARK,2.00
346,37.2884971664,127.1073594042,6.601,-21.102,1,T_PARK,2.00
347,37.2884986666,127.1073541581,6.136,-20.935,1,T_PARK,2.00
348,37.2884996341,127.1073513743,5.889,-20.828,1,T_PARK,2.00
349,37.2885010340,127.1073475883,5.554,-20.672,1,T_PARK,2.00
350,37.2885022671,127.1073442515,5.259,-20.535,1,T_PARK,2.00
351,37.2885043671,127.1073380602,4.710,-20.301,1,T_PARK,2.00
352,37.2885078339,127.1073287705,3.888,-19.915,1,T_PARK,2.00
353,37.2885109674,127.1073205735,3.162,-19.566,1,T_PARK,2.00
354,37.2885143010,127.1073125822,2.454,-19.195,1,T_PARK,2.00
355,37.2885178012,127.1073037042,1.668,-18.805,1,T_PARK,2.00
356,37.2885213344,127.1072948395,0.882,-18.412,1,T_PARK,2.00
357,37.2885265680,127.1072830896,-0.158,-17.829,1,T_PARK,2.00
358,37.2885317344,127.1072762411,-0.765,-17.254,1,T_PARK,2.00
359,37.2885366670,127.1072721411,-1.128,-16.705,1,T_PARK,2.00
360,37.2885436000,127.1072698000,-1.335,-15.933,1,T_PARK,2.00
361,37.2885521000,127.1072711000,-1.220,-14.987,1,T_PARK,2.00
362,37.2885608000,127.1072745000,-0.919,-14.019,1,T_PARK,2.00
363,37.2885699000,127.1072780000,-0.609,-13.006,1,T_PARK,2.00
364,37.2885790000,127.1072815000,-0.299,-11.993,1,T_PARK,2.00
365,37.2885881000,127.1072848000,-0.007,-10.980,1,T_PARK,2.00
366,37.2885968000,127.1072885000,0.321,-10.011,1,T_PARK,2.00
367,37.2886060000,127.1072927000,0.693,-8.987,1,T_PARK,2.00
368,37.2886147000,127.1072970000,1.074,-8.019,1,T_PARK,2.00
369,37.2886230000,127.1073013000,1.455,-7.095,1,T_PARK,2.00
370,37.2886315000,127.1073062000,1.889,-6.149,1,T_PARK,2.00
371,37.2886397000,127.1073114000,2.349,-5.236,1,T_PARK,2.00
372,37.2886473000,127.1073172000,2.863,-4.390,1,T_PARK,2.00
373,37.2886537000,127.1073243000,3.492,-3.677,1,T_PARK,2.00
374,37.2886587000,127.1073328000,4.244,-3.121,1,T_PARK,2.00
375,37.2886623000,127.1073423000,5.086,-2.720,1,T_PARK,2.00
376,37.2886635000,127.1073525000,5.989,-2.586,1,T_PARK,2.00
377,37.2886637338,127.1073638353,6.993,-2.560,1,T_PARK,2.00
378,37.2886609339,127.1073756058,8.035,-2.872,1,T_PARK,2.00
379,37.2886570672,127.1073869735,9.042,-3.302,1,T_PARK,2.00
380,37.2886531005,127.1073984411,10.058,-3.744,1,T_PARK,2.00
381,37.2886493004,127.1074081411,10.917,-4.167,1,T_PARK,2.00
382,37.2886466669,127.1074149697,11.522,-4.460,1,T_PARK,2.00
383,37.2886446666,127.1074199270,11.961,-4.683,1,T_PARK,2.00
384,37.2886432327,127.1074227379,12.210,-4.842,1,T_PARK,2.00
385,37.2886415994,127.1074256939,0.262,-0.182,1,INTERSECTION,2.00
386,37.2886401000,127.1074282000,0.484,-0.349,1,INTERSECTION,2.00
387,37.2886356000,127.1074364000,1.210,-0.850,1,INTERSECTION,2.00
388,37.2886305000,127.1074451000,1.981,-1.417,1,INTERSECTION,2.00
389,37.2886245000,127.1074526000,2.645,-2.085,1,INTERSECTION,2.00
390,37.2886172000,127.1074583000,3.150,-2.898,1,INTERSECTION,2.00
391,37.2886100337,127.1074630249,3.568,-3.696,1,INTERSECTION,2.00
392,37.2886017338,127.1074680615,4.014,-4.620,1,INTERSECTION,2.00
393,37.2885893329,127.1074700350,4.189,-6.000,1,INTERSECTION,2.00
394,37.2885795328,127.1074687291,4.073,-7.091,1,INTERSECTION,2.00
395,37.2885704660,127.1074660909,3.840,-8.100,1,INTERSECTION,2.00
396,37.2885613993,127.1074624851,3.520,-9.110,1,INTERSECTION,2.00
397,37.2885543999,127.1074580793,3.130,-9.889,1,INTERSECTION,2.00
398,37.2885441662,127.1074533411,2.710,-11.028,1,INTERSECTION,2.00
399,37.2885356998,127.1074492735,2.350,-11.971,1,INTERSECTION,2.00
400,37.2885269999,127.1074449058,1.963,-12.939,1,INTERSECTION,2.00
401,37.2885176330,127.1074404382,1.568,-13.982,1,INTERSECTION,2.00
402,37.2885093665,127.1074360382,1.178,-14.902,1,INTERSECTION,2.00
403,37.2885014666,127.1074316735,0.791,-15.781,1,INTERSECTION,2.00
404,37.2884929333,127.1074275764,0.429,-16.731,1,INTERSECTION,2.00
405,37.2884859005,127.1074244851,0.155,-17.514,1,INTERSECTION,2.00
406,37.2884785342,127.1074216586,-0.096,-18.334,1,INTERSECTION,2.00
407,37.2884700342,127.1074170233,-0.506,-19.280,1,INTERSECTION,2.00
408,37.2884607339,127.1074108822,-1.050,-20.316,1,INTERSECTION,2.00
409,37.2884488330,127.1074045411,-1.612,-21.640,1,INTERSECTION,2.00
410,37.2884399663,127.1074003469,-1.983,-22.628,1,INTERSECTION,2.00
411,37.2884313330,127.1073952469,-2.435,-23.589,1,INTERSECTION,2.00
412,37.2884222330,127.1073897764,-2.919,-24.602,1,INTERSECTION,2.00
413,37.2884119326,127.1073830000,-3.519,-25.748,1,INTERSECTION,2.00
414,37.2884020653,127.1073763647,-4.107,-26.847,1,INTERSECTION,2.00
415,37.2883955988,127.1073687000,-4.786,-27.566,1,INTERSECTION,2.00
416,37.2883890653,127.1073609058,-5.476,-28.294,1,INTERSECTION,2.00
417,37.2883843656,127.1073518764,-6.276,-28.817,1,INTERSECTION,2.00
418,37.2883791986,127.1073430175,-7.060,-29.392,1,INTERSECTION,2.00
419,37.2883761319,127.1073310117,-8.124,-29.734,1,INTERSECTION,2.00
420,37.2883747318,127.1073203146,-9.071,-29.889,1,INTERSECTION,2.00
421,37.2883753986,127.1073044207,-10.479,-29.815,1,INTERSECTION,2.00
422,37.2883774988,127.1072910414,-11.664,-29.581,1,INTERSECTION,2.00
423,37.2883798323,127.1072787003,-12.757,-29.322,1,INTERSECTION,2.00
424,37.2883833993,127.1072679327,-13.710,-28.925,1,INTERSECTION,2.00
425,37.2883874995,127.1072574003,-14.643,-28.468,1,INTERSECTION,2.00
426,37.2883901660,127.1072479738,-15.478,-28.171,1,INTERSECTION,2.00
427,37.2883930660,127.1072372767,-16.425,-27.848,1,INTERSECTION,2.00
428,37.2883972331,127.1072259091,-17.432,-27.385,1,INTERSECTION,2.00
429,37.2884007999,127.1072150709,-18.392,-26.988,1,INTERSECTION,2.00
430,37.2884038331,127.1072040327,-19.370,-26.650,1,INTERSECTION,2.00
431,37.2884070331,127.1071937297,-20.282,-26.294,1,INTERSECTION,2.00
432,37.2884099666,127.1071846268,-21.088,-25.967,1,INTERSECTION,2.00
433,37.2884123334,127.1071772592,-21.741,-25.704,1,INTERSECTION,2.00
434,37.2884141665,127.1071714679,-22.254,-25.500,1,INTERSECTION,2.00
435,37.2884163330,127.1071649501,-22.831,-25.258,1,INTERSECTION,2.00
436,37.2884199665,127.1071556016,-23.659,-24.854,1,INTERSECTION,2.00
437,37.2884235663,127.1071473913,-24.386,-24.453,1,INTERSECTION,2.00
438,37.2884275659,127.1071374016,-25.271,-24.008,1,INTERSECTION,2.00
439,37.2884320322,127.1071267356,-26.215,-23.511,1,INTERSECTION,2.00
440,37.2884365649,127.1071147712,-27.275,-23.006,1,INTERSECTION,2.00
441,37.2884449985,127.1071052126,-28.122,-22.067,1,INTERSECTION,2.00
442,37.2884582334,127.1071057977,-28.070,-20.594,1,INTERSECTION,2.00
443,37.2884661333,127.1071113327,-27.580,-19.715,1,INTERSECTION,2.00
444,37.2884744665,127.1071168295,-27.093,-18.787,1,INTERSECTION,2.00
445,37.2884830665,127.1071220851,-26.627,-17.830,1,INTERSECTION,2.00
446,37.2884904329,127.1071262291,-26.260,-17.010,1,INTERSECTION,2.00
447,37.2884974326,127.1071298968,-25.935,-16.230,1,INTERSECTION,2.00
448,37.2885062994,127.1071335968,-25.608,-15.243,1,INTERSECTION,2.00
449,37.2885145662,127.1071378997,-25.227,-14.323,1,INTERSECTION,2.00
450,37.2885217659,127.1071412997,-24.926,-13.522,1,INTERSECTION,2.00
451,37.2885296659,127.1071453702,-24.565,-12.642,1,INTERSECTION,2.00
452,37.2885377660,127.1071490321,-24.241,-11.740,1,INTERSECTION,2.00
453,37.2885460662,127.1071534321,-23.851,-10.817,1,INTERSECTION,2.00
454,37.2885541995,127.1071578055,-23.464,-9.911,1,INTERSECTION,2.00
455,37.2885616661,127.1071615408,-23.133,-9.080,1,INTERSECTION,2.00
456,37.2885692326,127.1071655408,-22.779,-8.238,1,INTERSECTION,2.00
457,37.2885776993,127.1071697026,-22.410,-7.295,1,INTERSECTION,2.00
458,37.2885862660,127.1071744379,-21.991,-6.342,1,INTERSECTION,2.00
459,37.2885944994,127.1071786408,-21.618,-5.425,1,INTERSECTION,2.00
460,37.2886016326,127.1071823732,-21.288,-4.631,1,INTERSECTION,2.00
461,37.2886096662,127.1071865732,-20.916,-3.737,1,INTERSECTION,2.00
462,37.2886148327,127.1071895350,-20.654,-3.161,1,INTERSECTION,2.00
463,37.2886176324,127.1071907549,-20.546,-2.850,1,INTERSECTION,2.00
464,37.2886196660,127.1071920607,-20.430,-2.623,1,INTERSECTION,2.00
465,37.2886220839,127.1071929891,-20.348,-2.354,1,INTERSECTION,2.00
466,37.2886245002,127.1071942910,-20.232,-2.085,1,INTERSECTION,2.00
467,37.2886281663,127.1071966204,-20.026,-1.677,1,INTERSECTION,2.00
468,37.2886335995,127.1071996013,-19.762,-1.072,1,INTERSECTION,2.00
469,37.2886378659,127.1072018822,-19.560,-0.597,1,INTERSECTION,2.00
470,37.2886411326,127.1072039432,-19.378,-0.234,1,INTERSECTION,2.00
471,37.2886431160,127.1072053612,-19.252,-0.013,1,INTERSECTION,2.00
472,37.2886457839,127.1072075125,-19.061,0.284,1,INTERSECTION,2.00
473,37.2886492682,127.1072092573,-18.907,0.672,1,INTERSECTION,2.00
474,37.2886533023,127.1072116926,-18.691,1.121,1,INTERSECTION,2.00
475,37.2886577697,127.1072144573,-18.446,1.618,1,INTERSECTION,2.00
476,37.2886674360,127.1072198382,-17.970,2.694,1,INTERSECTION,2.00
477,37.2886726011,127.1072227411,-17.713,3.269,1,INTERSECTION,2.00
478,37.2886780007,127.1072249146,-17.520,3.870,1,INTERSECTION,2.00
479,37.2886833001,127.1072268175,-17.352,4.460,1,INTERSECTION,2.00
480,37.2886916002,127.1072276499,-17.278,5.384,1,INTERSECTION,2.00
481,37.2886992334,127.1072275204,-17.289,6.234,1,INTERSECTION,2.00
482,37.2887088003,127.1072253498,-17.482,7.299,1,INTERSECTION,2.00
483,37.2887167669,127.1072213411,-17.837,8.186,1,INTERSECTION,2.00
484,37.2887242000,127.1072160000,-18.310,9.013,1,INTERSECTION,2.00
485,37.2887313000,127.1072099000,-18.850,9.804,1,INTERSECTION,2.00
486,37.2887376000,127.1072014000,-19.603,10.505,1,INTERSECTION,2.00
487,37.2887432000,127.1071915000,-20.480,11.128,1,INTERSECTION,2.00
488,37.2887473000,127.1071807000,-21.436,11.585,1,INTERSECTION,2.00
489,37.2887513000,127.1071697000,-22.410,12.030,1,INTERSECTION,2.00
490,37.2887555000,127.1071590000,-23.358,12.498,1,INTERSECTION,2.00
491,37.2887599000,127.1071482000,-24.314,12.987,1,INTERSECTION,2.00
492,37.2887638000,127.1071372000,-25.289,13.421,1,INTERSECTION,2.00
493,37.2887672000,127.1071261000,-26.272,13.800,1,INTERSECTION,2.00
494,37.2887701000,127.1071143000,-27.317,14.123,1,INTERSECTION,2.00
495,37.2887745003,127.1071025000,-28.362,14.613,1,INTERSECTION,2.00
496,37.2887774670,127.1070910000,-29.380,14.943,1,INTERSECTION,2.00
497,37.2887807670,127.1070798029,-30.372,15.310,1,INTERSECTION,2.00
498,37.2887842669,127.1070680676,-31.411,15.700,1,INTERSECTION,2.00
499,37.2887873000,127.1070568000,-32.409,16.037,1,INTERSECTION,2.00
500,37.2887907000,127.1070461000,-33.357,16.416,1,INTERSECTION,2.00
501,37.2887940000,127.1070353000,-34.313,16.783,1,INTERSECTION,2.00
502,37.2887974000,127.1070253000,-35.199,17.162,1,INTERSECTION,2.00
503,37.2888009000,127.1070155000,-36.067,17.551,1,INTERSECTION,2.00
504,37.2888045000,127.1070051000,-36.988,17.952,1,INTERSECTION,2.00
505,37.2888084000,127.1069942000,-37.953,18.386,1,INTERSECTION,2.00
506,37.2888123000,127.1069832000,-38.928,18.820,1,INTERSECTION,2.00
507,37.2888162000,127.1069725000,-39.875,19.255,1,INTERSECTION,2.00
508,37.2888201000,127.1069617000,-40.832,19.689,1,INTERSECTION,2.00
509,37.2888238000,127.1069506000,-41.815,20.101,1,INTERSECTION,2.00
510,37.2888268000,127.1069394000,-42.807,20.435,1,INTERSECTION,2.00
511,37.2888300000,127.1069283000,-43.790,20.791,1,INTERSECTION,2.00
512,37.2888335000,127.1069177000,-44.729,21.180,1,INTERSECTION,2.00
513,37.2888374000,127.1069070000,-45.676,21.615,1,INTERSECTION,2.00
514,37.2888413000,127.1068963000,-46.624,22.049,1,INTERSECTION,2.00
515,37.2888447000,127.1068853000,-47.598,22.427,1,INTERSECTION,2.00
516,37.2888478000,127.1068744000,-48.564,22.772,1,INTERSECTION,2.00
517,37.2888510000,127.1068634000,-49.538,23.129,1,INTERSECTION,2.00
518,37.2888543000,127.1068524000,-50.512,23.496,1,INTERSECTION,2.00
519,37.2888576000,127.1068411000,-51.513,23.863,1,INTERSECTION,2.00
520,37.2888610000,127.1068298000,-52.514,24.242,1,INTERSECTION,2.00
521,37.2888641000,127.1068190000,-53.470,24.587,1,INTERSECTION,2.00
522,37.2888670000,127.1068076000,-54.480,24.910,1,INTERSECTION,2.00
523,37.2888698000,127.1067964000,-55.472,25.221,1,INTERSECTION,2.00
524,37.2888727000,127.1067856000,-56.428,25.544,1,INTERSECTION,2.00
525,37.2888749000,127.1067742000,-57.438,25.789,1,INTERSECTION,2.00
526,37.2888764000,127.1067632000,-58.412,25.956,1,INTERSECTION,2.00
527,37.2888765000,127.1067522000,-59.386,25.967,1,INTERSECTION,2.00
528,37.2888744000,127.1067424000,-60.254,25.733,1,INTERSECTION,2.00
529,37.2888708000,127.1067340000,-60.998,25.333,1,INTERSECTION,2.00
530,37.2888667000,127.1067251000,-61.786,24.876,1,INTERSECTION,2.00
531,37.2888617000,127.1067166000,-62.539,24.320,1,INTERSECTION,2.00
532,37.2888557000,127.1067082000,-63.283,23.652,1,INTERSECTION,2.00
533,37.2888489000,127.1067006000,-63.956,22.895,1,INTERSECTION,2.00
534,37.2888418000,127.1066938000,-64.558,22.104,1,INTERSECTION,2.00
535,37.2888352000,127.1066869000,-65.170,21.370,1,INTERSECTION,2.00
536,37.2888283000,127.1066803000,-65.754,20.602,1,INTERSECTION,2.00
537,37.2888205000,127.1066752000,-66.206,19.733,1,INTERSECTION,2.00
538,37.2888119000,127.1066704000,-66.631,18.776,1,INTERSECTION,2.00
539,37.2888036000,127.1066651000,-67.100,17.852,1,INTERSECTION,2.00
540,37.2887955000,127.1066596000,-67.587,16.950,1,INTERSECTION,2.00
541,37.2887874000,127.1066542000,-68.066,16.049,1,INTERSECTION,2.00
542,37.2887790000,127.1066497000,-68.464,15.114,1,INTERSECTION,2.00
543,37.2887705667,127.1066450589,-68.875,14.175,1,INTERSECTION,2.00
544,37.2887644674,127.1066416589,-69.176,13.496,1,INTERSECTION,2.00
545,37.2887540000,127.1066359340,-69.683,12.331,1,INTERSECTION,2.00
546,37.2887462334,127.1066318501,-70.045,11.466,1,INTERSECTION,2.00
547,37.2887390335,127.1066274091,-70.438,10.664,1,INTERSECTION,2.00
548,37.2887335670,127.1066246709,-70.681,10.056,1,INTERSECTION,2.00
549,37.2887307336,127.1066231165,-70.819,9.741,1,INTERSECTION,2.00
550,37.2887260326,127.1066203828,-71.061,9.217,1,INTERSECTION,2.00
551,37.2887198318,127.1066165977,-0.335,-0.690,1,NORMAL,2.00
552,37.2887145650,127.1066127213,-0.679,-1.277,1,NORMAL,2.00
553,37.2887088318,127.1066092479,-0.986,-1.915,1,NORMAL,2.00
554,37.2887037986,127.1066057744,-1.294,-2.475,1,NORMAL,2.00
555,37.2886967985,127.1066023067,-1.601,-3.254,1,NORMAL,2.00
556,37.2886897987,127.1065977009,-2.009,-4.034,1,NORMAL,2.00
557,37.2886833992,127.1065948067,-2.265,-4.746,1,NORMAL,2.00
558,37.2886767662,127.1065905391,-2.643,-5.484,1,NORMAL,2.00
559,37.2886699331,127.1065872449,-2.935,-6.245,1,NORMAL,2.00
560,37.2886621016,127.1065831272,-3.300,-7.117,1,NORMAL,2.00
561,37.2886544674,127.1065795860,-3.613,-7.967,1,NORMAL,2.00
562,37.2886482670,127.1065760802,-0.310,-0.690,1,ACCEL,2.00
563,37.2886403669,127.1065726802,-0.612,-1.570,1,ACCEL,2.00
564,37.2886304330,127.1065689126,-0.945,-2.675,1,ACCEL,2.00
565,37.2886210328,127.1065679184,-1.033,-3.722,1,ACCEL,2.00
566,37.2886112659,127.1065682566,-1.003,-4.809,1,ACCEL,2.00
567,37.2886031327,127.1065707359,-0.784,-5.715,1,ACCEL,2.00
568,37.2885939658,127.1065770974,-0.220,-6.735,1,ACCEL,2.00
569,37.2885877329,127.1065842854,0.416,-7.429,1,ACCEL,2.00
570,37.2885809664,127.1065921294,1.111,-8.182,1,ACCEL,2.00
571,37.2885735662,127.1066004000,1.843,-9.006,1,ACCEL,2.00
572,37.2885679663,127.1066088647,2.593,-9.629,1,ACCEL,2.00
573,37.2885629664,127.1066180295,3.405,-10.186,1,ACCEL,2.00
574,37.2885577997,127.1066286000,4.341,-10.761,1,ACCEL,2.00
575,37.2885532663,127.1066388676,5.250,-11.266,1,ACCEL,2.00
576,37.2885492329,127.1066497353,6.213,-11.715,1,ACCEL,2.00
577,37.2885453662,127.1066601324,7.134,-12.145,1,ACCEL,2.00
578,37.2885406657,127.1066708676,8.084,-12.668,1,ACCEL,2.00
579,37.2885365987,127.1066809000,8.973,-13.121,1,ACCEL,2.00
580,37.2885334321,127.1066904589,9.819,-13.474,1,ACCEL,2.00
581,37.2885304988,127.1067012589,10.776,-13.800,1,ACCEL,2.00
582,37.2885269320,127.1067133971,11.851,-14.197,1,ACCEL,2.00
583,37.2885221316,127.1067260705,12.973,-14.732,1,ACCEL,2.00
584,37.2885181316,127.1067368029,13.924,-15.177,1,ACCEL,2.00
585,37.2885137648,127.1067505851,15.145,-15.663,1,ACCEL,2.00
586,37.2885101648,127.1067611469,16.080,-16.064,1,ACCEL,2.00
587,37.2885068315,127.1067715411,17.001,-16.435,1,ACCEL,2.00
588,37.2885033650,127.1067830087,18.016,-16.821,1,ACCEL,2.00
589,37.2885006653,127.1067936735,18.961,-17.121,1,ACCEL,2.00
590,37.2884973321,127.1068057822,20.033,-17.492,1,ACCEL,2.00
591,37.2884953659,127.1068133295,20.701,-17.711,1,ACCEL,2.00
592,37.2884908657,127.1068265058,21.868,-18.212,1,ACCEL,2.00
593,37.2884875991,127.1068383411,22.917,-18.576,1,ACCEL,2.00
594,37.2884845324,127.1068481676,23.787,-18.917,1,ACCEL,2.00
595,37.2884816657,127.1068589000,24.737,-19.236,1,ACCEL,2.00
596,37.2884788992,127.1068695000,25.676,-19.544,1,ACCEL,2.00
597,37.2884750658,127.1068800000,26.606,-19.971,1,ACCEL,2.00
598,37.2884718993,127.1068923087,27.696,-20.323,1,ACCEL,2.00
599,37.2884686994,127.1069026705,28.614,-20.680,1,ACCEL,2.00
600,37.2884652994,127.1069131676,29.544,-21.058,1,ACCEL,2.00
601,37.2884618662,127.1069246029,30.556,-21.440,1,ACCEL,2.00
602,37.2884582662,127.1069356706,31.537,-21.841,1,ACCEL,2.00
603,37.2884538328,127.1069468029,32.523,-22.335,1,ACCEL,2.00
604,37.2884492993,127.1069605764,33.742,-22.839,1,ACCEL,2.00
605,37.2884450326,127.1069725647,34.804,-23.314,1,ACCEL,2.00
606,37.2884402991,127.1069872353,36.103,-23.841,1,ACCEL,2.00
607,37.2884354657,127.1070024469,37.451,-24.379,1,ACCEL,2.00
608,37.2884309988,127.1070154440,38.602,-24.876,1,ACCEL,2.00
609,37.2884271655,127.1070299793,39.889,-25.303,1,ACCEL,2.00
610,37.2884229655,127.1070421676,40.969,-25.771,1,ACCEL,2.00
611,37.2884186988,127.1070562382,42.215,-26.246,1,ACCEL,2.00
612,37.2884146991,127.1070680971,43.265,-26.691,1,ACCEL,2.00
613,37.2884098657,127.1070820162,44.498,-27.229,1,ACCEL,2.00
614,37.2884051322,127.1070953324,45.677,-27.756,1,ACCEL,2.00
615,37.2884007322,127.1071072265,46.731,-28.246,1,ACCEL,2.00
616,37.2883966323,127.1071201942,47.879,-28.702,1,ACCEL,2.00
617,37.2883929658,127.1071332942,49.039,-29.110,1,ACCEL,2.00
618,37.2883883988,127.1071465589,50.214,-29.619,1,ACCEL,2.00
619,37.2883837319,127.1071602618,51.428,-30.138,1,ACCEL,2.00
620,37.2883793317,127.1071731618,52.570,-30.628,1,ACCEL,2.00
621,37.2883752651,127.1071859618,53.704,-31.081,1,ACCEL,2.00
622,37.2883717655,127.1071980265,54.772,-31.470,1,ACCEL,2.00
623,37.2883687659,127.1072098427,55.819,-31.804,1,ACCEL,2.00
624,37.2883656661,127.1072223971,56.931,-32.149,1,ACCEL,2.00
625,37.2883621663,127.1072357029,58.109,-32.539,1,ACCEL,2.00
626,37.2883588664,127.1072478000,59.180,-32.906,1,ACCEL,2.00
627,37.2883548997,127.1072606000,60.314,-33.348,1,ACCEL,2.00
628,37.2883507329,127.1072732971,61.439,-33.812,1,ACCEL,2.00
629,37.2883467330,127.1072861971,62.581,-34.257,1,ACCEL,2.00
630,37.2883421995,127.1072998353,63.789,-34.762,1,ACCEL,2.00
631,37.2883381660,127.1073144440,65.083,-35.211,1,ACCEL,2.00
632,37.2883349992,127.1073262706,66.130,-35.563,1,ACCEL,2.00
633,37.2883342325,127.1073405440,67.394,-35.648,1,ACCEL,2.00
634,37.2883354328,127.1073536087,68.551,-35.515,1,ACCEL,2.00
635,37.2883385330,127.1073668440,69.724,-35.170,1,ACCEL,2.00
636,37.2883436333,127.1073779735,70.709,-34.602,1,ACCEL,2.00
637,37.2883491998,127.1073887117,71.660,-33.982,1,ACCEL,2.00
638,37.2883563330,127.1073967058,72.368,-33.188,1,ACCEL,2.00
639,37.2883643996,127.1074048058,73.086,-32.290,1,ACCEL,2.00
640,37.2883741333,127.1074116735,73.694,-31.207,1,ACCEL,2.00
641,37.2883829999,127.1074185117,74.299,-30.220,1,ACCEL,2.00
642,37.2883915330,127.1074234793,74.739,-29.270,1,ACCEL,2.00
643,37.2884002328,127.1074293204,75.257,-28.301,1,ACCEL,2.00
644,37.2884092661,127.1074349909,75.759,-27.296,1,ACCEL,2.00
645,37.2884191995,127.1074408615,76.279,-26.190,1,ACCEL,2.00
646,37.2884280661,127.1074459291,76.728,-25.203,1,ACCEL,2.00
647,37.2884378995,127.1074511321,77.189,-24.108,1,ACCEL,2.00
648,37.2884474329,127.1074555321,77.578,-23.047,1,ACCEL,2.00
649,37.2884567662,127.1074593968,77.920,-22.008,1,ACCEL,2.00
650,37.2884669664,127.1074642644,78.352,-20.873,1,ACCEL,2.00
651,37.2884764999,127.1074682586,78.705,-19.811,1,ACCEL,2.00
652,37.2884854665,127.1074716880,79.009,-18.813,1,ACCEL,2.00
653,37.2884940331,127.1074757557,79.369,-17.859,1,ACCEL,2.00
654,37.2885017329,127.1074794557,79.697,-17.002,1,ACCEL,2.00
655,37.2885097995,127.1074832557,80.034,-16.104,1,ACCEL,2.00
656,37.2885189999,127.1074877233,80.429,-15.080,1,ACCEL,2.00
657,37.2885273999,127.1074918204,80.792,-14.145,1,ACCEL,2.00
658,37.2885360001,127.1074959204,81.155,-13.188,1,ACCEL,2.00
659,37.2885434336,127.1074997586,81.495,-12.360,1,ACCEL,2.00
660,37.2885508337,127.1075036262,81.838,-11.536,1,ACCEL,2.00
661,37.2885581006,127.1075073939,82.171,-10.728,1,ACCEL,2.00
662,37.2885621674,127.1075094291,82.352,-10.275,1,ACCEL,2.00
663,37.2885676684,127.1075122434,82.601,-9.662,1,ACCEL,2.00
664,37.2885754001,127.1075159172,0.325,0.861,1,PARALLEL_PARK,2.00
665,37.2885830002,127.1075193466,0.629,1.707,1,PARALLEL_PARK,2.00
666,37.2885909002,127.1075232848,0.978,2.586,1,PARALLEL_PARK,2.00
667,37.2885982333,127.1075263848,1.252,3.402,1,PARALLEL_PARK,2.00
668,37.2886094007,127.1075304230,1.610,4.646,1,PARALLEL_PARK,2.00
669,37.2886179673,127.1075323495,1.781,5.599,1,PARALLEL_PARK,2.00
670,37.2886280676,127.1075331761,1.854,6.724,1,PARALLEL_PARK,2.00
671,37.2886384679,127.1075313350,1.691,7.881,1,PARALLEL_PARK,2.00
672,37.2886471345,127.1075283644,1.428,8.846,1,PARALLEL_PARK,2.00
673,37.2886536673,127.1075218146,0.848,9.573,1,PARALLEL_PARK,2.00
674,37.2886601336,127.1075150735,0.251,10.293,1,PARALLEL_PARK,2.00
675,37.2886667000,127.1075074000,-0.429,11.024,1,PARALLEL_PARK,2.00
676,37.2886739000,127.1075003000,-1.058,11.826,1,PARALLEL_PARK,2.00
677,37.2886808000,127.1074930000,-1.704,12.594,1,PARALLEL_PARK,2.00
678,37.2886883000,127.1074859000,-2.333,13.429,1,PARALLEL_PARK,2.00
679,37.2886960000,127.1074799000,-2.864,14.286,1,PARALLEL_PARK,2.00
680,37.2887031000,127.1074763000,-3.183,15.076,1,PARALLEL_PARK,2.00
681,37.2887110000,127.1074739000,-3.396,15.956,1,PARALLEL_PARK,2.00
682,37.2887169997,127.1074734087,-3.439,16.623,1,PARALLEL_PARK,2.00
683,37.2887207668,127.1074701764,-3.726,17.043,1,PARALLEL_PARK,2.00
684,37.2887230677,127.1074653162,-4.156,17.299,1,PARALLEL_PARK,2.00
685,37.2887250008,127.1074605647,-4.577,17.514,1,PARALLEL_PARK,2.00
686,37.2887267338,127.1074554676,-5.028,17.707,1,PARALLEL_PARK,2.00
687,37.2887259000,127.1074499000,-5.521,17.614,1,PARALLEL_PARK,2.00
688,37.2887234000,127.1074447000,-5.982,17.336,1,PARALLEL_PARK,2.00
689,37.2887195000,127.1074408000,-6.327,16.902,1,PARALLEL_PARK,2.00
690,37.2887149000,127.1074365000,-6.708,16.390,1,PARALLEL_PARK,2.00
691,37.2887101000,127.1074304000,-7.248,15.855,1,PARALLEL_PARK,2.00
692,37.2887058000,127.1074225000,-7.948,15.377,1,PARALLEL_PARK,2.00
693,37.2887024000,127.1074127000,-8.816,14.998,1,PARALLEL_PARK,2.00
694,37.2886998000,127.1074021000,-9.755,14.709,1,PARALLEL_PARK,2.00
695,37.2886990000,127.1073909000,-10.747,14.620,1,PARALLEL_PARK,2.00
696,37.2886999000,127.1073796000,-11.748,14.720,1,PARALLEL_PARK,2.00
697,37.2887018000,127.1073682000,-12.757,14.931,1,PARALLEL_PARK,2.00
698,37.2887043000,127.1073571000,-13.740,15.210,1,PARALLEL_PARK,2.00
699,37.2887066000,127.1073473000,-14.608,15.466,1,PARALLEL_PARK,2.00
700,37.2887089000,127.1073395000,-15.299,15.722,1,PARALLEL_PARK,2.00
701,37.2887111329,127.1073346311,-15.730,15.970,1,PARALLEL_PARK,2.00
702,37.2887134331,127.1073295414,-0.451,0.256,1,NORMAL,2.00
703,37.2887158331,127.1073240560,-0.937,0.523,1,NORMAL,2.00
704,37.2887184000,127.1073159000,-1.659,0.809,1,NORMAL,2.00
705,37.2887233342,127.1073046735,-2.653,1.358,1,NORMAL,2.00
706,37.2887275008,127.1072928735,-3.698,1.822,1,NORMAL,2.00
707,37.2887332339,127.1072843411,-4.454,2.460,1,NORMAL,2.00
708,37.2887391997,127.1072743149,-5.342,3.124,1,NORMAL,2.00
709,37.2887506002,127.1072665239,-6.032,4.393,1,NORMAL,2.00
710,37.2887616677,127.1072648388,-6.181,5.626,1,NORMAL,2.00
711,37.2887726016,127.1072701828,-5.708,6.843,1,NORMAL,2.00
712,37.2887827021,127.1072755534,-5.232,7.967,1,NORMAL,2.00
713,37.2887925357,127.1072818297,-4.676,9.062,1,NORMAL,2.00
714,37.2888021690,127.1072873767,-4.185,10.134,1,NORMAL,2.00
715,37.2888124693,127.1072937236,-3.623,11.281,1,NORMAL,2.00
716,37.2888215025,127.1072983589,-3.212,12.286,1,NORMAL,2.00
717,37.2888293023,127.1073051000,-2.615,13.155,1,NORMAL,2.00
718,37.2888343686,127.1073164822,-1.607,13.719,1,NORMAL,2.00
719,37.2888357677,127.1073289291,-0.505,13.874,1,NORMAL,2.00
720,37.2888368342,127.1073402939,0.502,13.993,1,NORMAL,2.00
721,37.2888376681,127.1073530644,1.633,14.086,1,NORMAL,2.00
722,37.2888366353,127.1073656703,2.749,13.971,1,NORMAL,2.00
723,37.2888348690,127.1073797172,3.993,13.774,1,NORMAL,2.00
724,37.2888322686,127.1073919408,5.076,13.485,1,NORMAL,2.00
725,37.2888284346,127.1074051055,6.242,13.058,1,NORMAL,2.00
726,37.2888246009,127.1074191819,7.488,12.631,1,NORMAL,2.00
727,37.2888212007,127.1074297055,8.420,12.253,1,NORMAL,2.00
728,37.2888173337,127.1074433466,9.628,11.822,1,NORMAL,2.00
729,37.2888135002,127.1074551761,10.676,11.395,1,NORMAL,2.00
730,37.2888095002,127.1074678114,11.795,10.950,1,NORMAL,2.00
731,37.2888047002,127.1074812877,12.989,10.416,1,NORMAL,2.00
732,37.2888018674,127.1074942641,14.138,10.101,1,NORMAL,2.00
733,37.2887968339,127.1075082816,15.379,9.540,1,NORMAL,2.00
734,37.2887932674,127.1075207874,16.487,9.143,1,NORMAL,2.00
735,37.2887897339,127.1075327874,17.550,8.750,1,NORMAL,2.00
736,37.2887860670,127.1075435758,18.505,8.342,1,NORMAL,2.00
737,37.2887835335,127.1075534583,19.380,8.060,1,NORMAL,2.00
738,37.2887809333,127.1075629408,20.220,7.770,1,NORMAL,2.00
739,37.2887776330,127.1075754408,21.327,7.403,1,NORMAL,2.00
740,37.2887743662,127.1075863835,22.296,7.039,1,NORMAL,2.00
741,37.2887718665,127.1075952631,23.083,6.761,1,NORMAL,2.00
742,37.2887688335,127.1076048809,23.935,6.423,1,NORMAL,2.00
743,37.2887646003,127.1076172000,25.026,5.952,1,NORMAL,2.00
744,37.2887610338,127.1076276971,25.955,5.555,1,NORMAL,2.00
745,37.2887589341,127.1076332647,26.448,5.321,1,NORMAL,2.00
