index,x_m,y_m,yaw_deg,direction,mode,drive_level,event
0,0.000,-0.000,0.000,1,1,2.00,NONE
1,0.223,0.000,4.168,1,1,2.00,NONE
2,0.435,0.015,-40.422,1,1,2.00,NONE
3,0.580,-0.109,-96.893,1,1,2.00,NONE
4,0.556,-0.308,-71.816,1,1,2.00,NONE
5,0.635,-0.548,-65.697,1,1,2.00,NONE
6,0.698,-0.687,129.892,1,1,2.00,NONE
7,0.567,-0.530,-175.951,1,1,2.00,NONE
8,0.319,-0.548,157.101,1,1,2.00,NONE
9,0.159,-0.480,-170.421,1,1,2.00,NONE
10,-0.007,-0.508,108.775,1,1,2.00,NONE
11,-0.057,-0.361,160.382,1,1,2.00,NONE
12,-0.206,-0.308,142.492,1,1,2.00,NONE
13,-0.329,-0.213,-133.395,1,1,2.00,NONE
14,-0.467,-0.359,143.566,1,1,2.00,NONE
15,-0.625,-0.243,-164.997,1,1,2.00,NONE
16,-0.827,-0.297,-54.313,1,1,2.00,NONE
17,-0.729,-0.433,29.499,1,1,2.00,NONE
18,-0.584,-0.351,-7.813,1,1,2.00,NONE
19,-0.316,-0.387,-6.845,1,1,2.00,NONE
20,-0.153,-0.407,-15.385,1,1,2.00,NONE
21,0.008,-0.451,-57.874,1,1,2.00,NONE
22,0.136,-0.656,-68.293,1,1,2.00,NONE
23,0.228,-0.886,-51.422,1,1,2.00,NONE
24,0.413,-1.119,-54.313,1,1,2.00,NONE
25,0.511,-1.255,-96.061,1,1,2.00,NONE
26,0.484,-1.503,-28.121,1,1,2.00,NONE
27,0.666,-1.600,-132.020,1,1,2.00,NONE
28,0.490,-1.795,-61.409,1,1,2.00,NONE
29,0.606,-2.008,-32.379,1,1,2.00,NONE
30,0.742,-2.094,8.743,1,1,2.00,NONE
31,0.943,-2.064,7.443,1,1,2.00,NONE
32,1.215,-2.028,-19.618,1,1,2.00,NONE
33,1.364,-2.081,19.819,1,1,2.00,NONE
34,1.557,-2.012,83.509,1,1,2.00,NONE
35,1.580,-1.812,4.058,1,1,2.00,NONE
36,1.756,-1.799,5.888,1,1,2.00,NONE
37,2.017,-1.772,-59.445,1,1,2.00,NONE
38,2.102,-1.917,-115.761,1,1,2.00,NONE
39,2.035,-2.056,-127.121,1,1,2.00,NONE
40,1.920,-2.207,147.951,1,1,2.00,NONE
41,1.784,-2.122,9.274,1,1,2.00,NONE
42,1.950,-2.095,130.820,1,1,2.00,NONE
43,1.841,-1.968,113.248,1,1,2.00,NONE
44,1.758,-1.776,125.687,1,1,2.00,NONE
45,1.617,-1.579,108.421,1,1,2.00,NONE
46,1.568,-1.432,91.997,1,1,2.00,NONE
47,1.559,-1.187,-68.276,1,1,2.00,NONE
48,1.630,-1.364,-33.705,1,1,2.00,NONE
49,1.845,-1.508,-49.180,1,1,2.00,NONE
50,1.955,-1.635,125.687,1,1,2.00,NONE
51,1.846,-1.484,154.274,1,1,2.00,NONE
52,1.675,-1.401,156.153,1,1,2.00,NONE
53,1.458,-1.305,151.757,1,1,2.00,NONE
54,1.276,-1.207,168.854,1,1,2.00,NONE
55,1.102,-1.173,113.040,1,1,2.00,NONE
56,1.020,-0.980,46.377,1,1,2.00,NONE
57,1.158,-0.835,61.795,1,1,2.00,NONE
58,1.237,-0.687,115.111,1,1,2.00,NONE
59,1.133,-0.465,131.455,1,1,2.00,NONE
60,0.936,-0.242,131.455,1,1,2.00,NONE
61,0.738,-0.018,130.323,1,1,2.00,NONE
62,0.618,0.124,134.328,1,1,2.00,NONE
63,0.474,0.271,128.765,1,1,2.00,NONE
64,0.299,0.489,134.053,1,1,2.00,NONE
65,0.155,0.637,138.127,1,1,2.00,NONE
66,-0.000,0.777,105.501,1,1,2.00,NONE
67,-0.058,0.986,95.376,1,1,2.00,NONE
68,-0.072,1.136,95.705,1,1,2.00,NONE
69,-0.087,1.285,64.239,1,1,2.00,NONE
70,-0.020,1.425,74.908,1,1,2.00,NONE
71,0.026,1.594,109.298,1,1,2.00,NONE
72,-0.045,1.795,48.716,1,1,2.00,NONE
73,0.119,1.982,-15.242,1,1,2.00,NONE
74,0.350,1.919,-40.333,1,1,2.00,NONE
75,0.540,1.758,-1.859,1,1,2.00,NONE
76,0.692,1.753,46.659,1,1,2.00,NONE
77,0.829,1.898,80.112,1,1,2.00,NONE
78,0.866,2.107,97.178,1,1,2.00,NONE
79,0.826,2.420,100.264,1,1,2.00,NONE
80,0.782,2.663,119.919,1,1,2.00,NONE
81,0.633,2.922,114.228,1,1,2.00,NONE
82,0.540,3.129,114.032,1,1,2.00,NONE
83,0.448,3.337,113.248,1,1,2.00,NONE
84,0.365,3.529,116.492,1,1,2.00,NONE
85,0.239,3.781,122.969,1,1,2.00,NONE
86,0.067,4.046,131.455,1,1,2.00,NONE
87,-0.130,4.270,122.126,1,1,2.00,NONE
88,-0.259,4.474,118.242,1,1,2.00,NONE
89,-0.427,4.787,116.525,1,1,2.00,NONE
90,-0.553,5.040,135.544,1,1,2.00,NONE
91,-0.741,5.224,135.720,1,1,2.00,NONE
92,-0.930,5.408,157.065,1,1,2.00,NONE
93,-1.170,5.510,146.165,1,1,2.00,NONE
94,-1.384,5.653,150.157,1,1,2.00,NONE
95,-1.543,5.745,1.917,1,1,2.00,NONE
96,-1.343,5.751,4.066,1,1,2.00,NONE
97,-1.060,5.772,21.919,1,1,2.00,NONE
98,-0.916,5.830,0.000,1,1,2.00,NONE
99,-0.693,5.830,-15.091,1,1,2.00,NONE
100,-0.462,5.767,88.779,1,1,2.00,NONE
101,-0.456,6.069,94.101,1,1,2.00,NONE
102,-0.468,6.242,80.859,1,1,2.00,NONE
103,-0.431,6.474,67.325,1,1,2.00,NONE
104,-0.335,6.703,64.239,1,1,2.00,NONE
105,-0.268,6.843,75.160,1,1,2.00,NONE
106,-0.223,7.013,128.776,1,1,2.00,NONE
107,-0.397,7.230,135.506,1,1,2.00,NONE
108,-0.585,7.415,147.976,1,1,2.00,NONE
109,-0.789,7.542,29.499,1,1,2.00,NONE
110,-0.644,7.624,41.876,1,1,2.00,NONE
111,-0.519,7.736,125.687,1,1,2.00,NONE
112,-0.649,7.917,130.298,1,1,2.00,NONE
113,-0.770,8.059,110.606,1,1,2.00,NONE
114,-0.831,8.221,130.820,1,1,2.00,NONE
115,-1.050,8.475,135.360,1,1,2.00,NONE
116,-1.304,8.726,138.394,1,1,2.00,NONE
117,-1.461,8.865,134.053,1,1,2.00,NONE
118,-1.604,9.013,146.165,1,1,2.00,NONE
119,-1.818,9.156,35.687,1,1,2.00,NONE
120,-1.683,9.253,91.239,1,1,2.00,NONE
121,-1.689,9.546,111.707,1,1,2.00,NONE
122,-1.781,9.777,119.088,1,1,2.00,NONE
123,-1.971,10.119,116.883,1,1,2.00,NONE
124,-2.107,10.387,106.594,1,1,2.00,NONE
125,-2.186,10.651,105.621,1,1,2.00,NONE
126,-2.234,10.822,-8.021,1,1,2.00,NONE
127,-2.047,10.796,22.547,1,1,2.00,NONE
128,-1.747,10.921,49.499,1,1,2.00,NONE
129,-1.545,11.156,42.027,1,1,2.00,NONE
130,-1.297,11.381,-23.009,1,1,2.00,NONE
131,-1.137,11.313,-170.421,1,1,2.00,NONE
132,-1.303,11.285,140.746,1,1,2.00,NONE
133,-1.482,11.431,86.578,1,1,2.00,NONE
134,-1.460,11.789,78.347,1,1,2.00,NONE
135,-1.394,12.111,57.924,1,1,2.00,NONE
136,-1.290,12.277,103.619,1,1,2.00,NONE
137,-1.328,12.432,105.621,1,1,2.00,NONE
138,-1.376,12.603,86.760,1,1,2.00,NONE
139,-1.366,12.770,86.468,1,1,2.00,NONE
140,-1.348,13.057,81.313,1,1,2.00,NONE
141,-1.309,13.313,90.992,1,1,2.00,NONE
142,-1.312,13.471,30.466,1,1,2.00,NONE
143,-1.141,13.572,44.985,1,1,2.00,NONE
144,-0.980,13.734,-2.379,1,1,2.00,NONE
145,-0.769,13.725,15.339,1,1,2.00,NONE
146,-0.614,13.767,35.687,1,1,2.00,NONE
147,-0.491,13.855,74.908,1,1,2.00,NONE
148,-0.445,14.025,80.859,1,1,2.00,NONE
149,-0.408,14.257,69.695,1,1,2.00,NONE
150,-0.338,14.445,64.946,1,1,2.00,NONE
151,-0.258,14.618,98.813,1,1,2.00,NONE
152,-0.283,14.782,112.980,1,1,2.00,NONE
153,-0.365,14.974,103.727,1,1,2.00,NONE
154,-0.412,15.169,100.646,1,1,2.00,NONE
155,-0.465,15.450,94.273,1,1,2.00,NONE
156,-0.478,15.624,63.434,1,1,2.00,NONE
157,-0.372,15.837,27.941,1,1,2.00,NONE
158,-0.129,15.966,-11.603,1,1,2.00,NONE
159,0.044,15.930,-17.992,1,1,2.00,NONE
160,0.263,15.859,-25.829,1,1,2.00,NONE
161,0.491,15.749,11.661,1,1,2.00,NONE
162,0.669,15.786,53.743,1,1,2.00,NONE
163,0.810,15.978,73.463,1,1,2.00,NONE
164,0.853,16.124,-27.288,1,1,2.00,NONE
165,1.002,16.047,-32.245,1,1,2.00,NONE
166,1.137,15.962,-24.634,1,1,2.00,NONE
167,1.332,15.872,2.132,1,1,2.00,NONE
168,1.567,15.881,77.598,1,1,2.00,NONE
169,1.615,16.099,90.076,1,1,2.00,NONE
170,1.614,16.281,84.374,1,1,2.00,NONE
171,1.644,16.577,97.101,1,1,2.00,NONE
172,1.620,16.765,96.250,1,1,2.00,NONE
173,1.590,17.040,99.217,1,1,2.00,NONE
174,1.547,17.306,90.695,1,1,2.00,NONE
175,1.545,17.465,-19.618,1,1,2.00,NONE
176,1.694,17.412,-40.109,1,1,2.00,NONE
177,1.884,17.252,-17.992,1,1,2.00,NONE
178,2.102,17.181,4.049,1,1,2.00,NONE
179,2.350,17.198,-32.133,1,1,2.00,NONE
180,2.587,17.049,-19.618,1,1,2.00,NONE
181,2.736,16.996,59.373,1,1,2.00,NONE
182,2.854,17.195,94.383,1,1,2.00,NONE
183,2.841,17.368,100.146,1,1,2.00,NONE
184,2.779,17.712,88.900,1,1,2.00,NONE
185,2.785,17.990,89.023,1,1,2.00,NONE
186,2.789,18.268,59.714,1,1,2.00,NONE
187,2.881,18.424,11.047,1,1,2.00,NONE
188,3.142,18.475,114.258,1,1,2.00,NONE
189,2.987,18.821,96.250,1,1,2.00,NONE
190,2.957,19.096,112.164,1,1,2.00,NONE
191,2.834,19.397,67.040,1,1,2.00,NONE
192,2.903,19.559,90.992,1,1,2.00,NONE
193,2.900,19.718,110.397,1,1,2.00,NONE
194,2.800,19.988,177.840,1,1,2.00,NONE
195,2.437,20.001,-179.541,1,1,2.00,NONE
196,2.178,19.999,-171.129,1,1,2.00,NONE
197,1.977,19.968,152.922,1,1,2.00,NONE
198,1.773,20.072,133.349,1,1,2.00,NONE
199,1.618,20.236,100.912,1,1,2.00,NONE
200,1.564,20.517,41.876,1,1,2.00,NONE
201,1.688,20.629,60.001,1,1,2.00,NONE
202,1.779,20.786,99.495,1,1,2.00,NONE
203,1.745,20.990,35.687,1,1,2.00,NONE
204,1.880,21.086,-37.923,1,1,2.00,NONE
205,2.048,20.956,-19.321,1,1,2.00,NONE
206,2.198,20.903,-9.485,1,1,2.00,NONE
207,2.430,20.864,-15.155,1,1,2.00,NONE
208,2.638,20.808,118.591,1,1,2.00,NONE
209,2.521,21.021,155.669,1,1,2.00,NONE
210,2.385,21.083,176.215,1,1,2.00,NONE
211,2.209,21.095,173.155,1,1,2.00,NONE
212,2.046,21.114,169.367,1,1,2.00,NONE
213,1.895,21.143,-178.678,1,1,2.00,NONE
214,1.730,21.139,167.589,1,1,2.00,NONE
215,1.488,21.192,160.382,1,1,2.00,NONE
216,1.339,21.245,-131.748,1,1,2.00,NONE
217,1.225,21.119,-149.434,1,1,2.00,NONE
218,1.042,21.010,-155.866,1,1,2.00,NONE
219,0.874,20.935,-105.952,1,1,2.00,NONE
220,0.800,20.676,-161.316,1,1,2.00,NONE
221,0.560,20.595,-149.118,1,1,2.00,NONE
222,0.365,20.479,134.898,1,1,2.00,NONE
223,0.233,20.611,26.389,1,1,2.00,NONE
224,0.438,20.713,-97.722,1,1,2.00,NONE
225,0.418,20.562,-18.340,1,1,2.00,NONE
226,0.636,20.489,-46.983,1,1,2.00,NONE
227,0.801,20.312,-68.276,1,1,2.00,NONE
228,0.872,20.135,-110.305,1,1,2.00,NONE
229,0.803,19.947,81.468,1,1,2.00,NONE
230,0.841,20.204,106.789,1,1,2.00,NONE
231,0.773,20.428,122.969,1,1,2.00,NONE
232,0.601,20.694,-90.822,1,1,2.00,NONE
233,0.597,20.440,17.557,1,1,2.00,NONE
234,0.824,20.512,-22.899,1,1,2.00,NONE
235,0.985,20.444,-19.321,1,1,2.00,NONE
236,1.135,20.391,173.148,1,1,2.00,NONE
237,0.890,20.421,112.980,1,1,2.00,NONE
238,0.808,20.613,130.298,1,1,2.00,NONE
239,0.687,20.755,142.953,1,1,2.00,NONE
240,0.563,20.849,-130.545,1,1,2.00,NONE
241,0.462,20.731,-71.225,1,1,2.00,NONE
242,0.512,20.584,-85.446,1,1,2.00,NONE
243,0.526,20.411,-89.924,1,1,2.00,NONE
244,0.526,20.229,134.190,1,1,2.00,NONE
245,0.239,20.524,105.621,1,1,2.00,NONE
246,0.191,20.696,51.633,1,1,2.00,NONE
247,0.317,20.855,-13.641,1,1,2.00,NONE
248,0.745,20.752,-17.804,1,1,2.00,NONE
249,0.987,20.674,-64.847,1,1,2.00,NONE
250,1.092,20.451,-20.818,1,1,2.00,NONE
251,1.320,20.364,-41.606,1,1,2.00,NONE
252,1.477,20.225,-40.333,1,1,2.00,NONE
253,1.666,20.065,10.142,1,1,2.00,NONE
254,1.963,20.118,-49.677,1,1,2.00,NONE
255,2.083,19.976,-37.923,1,1,2.00,NONE
256,2.251,19.846,82.007,1,1,2.00,NONE
257,2.272,19.998,174.739,1,1,2.00,NONE
258,1.933,20.029,149.872,1,1,2.00,NONE
259,1.775,20.121,112.016,1,1,2.00,NONE
260,1.703,20.297,135.871,1,1,2.00,NONE
261,1.582,20.415,132.783,1,1,2.00,NONE
262,1.417,20.594,99.866,1,1,2.00,NONE
263,1.381,20.797,-4.601,1,1,2.00,NONE
264,1.639,20.776,-28.772,1,1,2.00,NONE
265,1.946,20.608,-45.102,1,1,2.00,NONE
266,2.078,20.475,-15.385,1,1,2.00,NONE
267,2.239,20.431,14.665,1,1,2.00,NONE
268,2.490,20.496,-65.772,1,1,2.00,NONE
269,2.552,20.359,62.882,1,1,2.00,NONE
270,2.645,20.540,99.027,1,1,2.00,NONE
271,2.602,20.806,169.541,1,1,2.00,NONE
272,2.324,20.857,-101.774,1,1,2.00,NONE
273,2.274,20.616,-65.697,1,1,2.00,NONE
274,2.336,20.477,67.436,1,1,2.00,NONE
275,2.418,20.674,149.872,1,1,2.00,NONE
276,2.260,20.766,73.198,1,2,2.00,NONE
277,2.347,21.056,-138.124,1,2,2.00,NONE
278,2.223,20.945,-122.995,1,2,2.00,NONE
279,2.055,20.687,73.233,1,2,2.00,NONE
280,2.099,20.833,80.859,1,2,2.00,NONE
281,2.137,21.065,86.608,1,2,2.00,NONE
282,2.148,21.257,77.406,1,2,2.00,NONE
283,2.197,21.474,78.847,1,2,2.00,NONE
284,2.265,21.820,162.196,1,2,2.00,NONE
285,2.023,21.897,67.436,1,2,2.00,NONE
286,2.105,22.094,15.339,1,2,2.00,NONE
287,2.260,22.136,51.633,1,2,2.00,NONE
288,2.387,22.296,28.515,1,2,2.00,NONE
289,2.520,22.369,-33.880,1,2,2.00,NONE
290,2.701,22.247,-70.607,1,2,2.00,NONE
291,2.791,21.992,-78.119,1,2,2.00,NONE
292,2.837,21.774,-15.385,1,2,2.00,NONE
293,2.998,21.729,6.559,1,2,2.00,NONE
294,3.376,21.773,25.787,1,2,2.00,NONE
295,3.569,21.866,15.339,1,2,2.00,NONE
296,3.725,21.909,-51.224,1,2,2.00,NONE
297,3.899,21.692,-71.348,1,2,2.00,NONE
298,3.998,21.398,-97.465,1,2,2.00,NONE
299,3.978,21.245,-114.914,1,2,2.00,NONE
300,3.883,21.040,-84.295,1,2,2.00,NONE
301,3.898,20.891,-85.805,1,2,2.00,NONE
302,3.917,20.631,-70.702,1,2,2.00,NONE
303,3.987,20.431,-68.204,1,2,2.00,NONE
304,4.059,20.253,-54.313,1,2,2.00,NONE
305,4.199,20.057,-45.947,1,2,2.00,NONE
306,4.342,19.909,-69.359,1,2,2.00,NONE
307,4.444,19.638,-75.184,1,2,2.00,NONE
308,4.520,19.351,108.530,1,2,2.00,NONE
309,4.471,19.499,-86.717,1,2,2.00,NONE
310,4.482,19.301,-81.338,1,2,2.00,NONE
311,4.507,19.136,-97.722,1,2,2.00,NONE
312,4.487,18.984,29.158,1,2,2.00,NONE
313,4.633,19.066,13.320,1,2,2.00,NONE
314,4.871,19.122,7.136,1,2,2.00,NONE
315,5.024,19.141,64.946,1,2,2.00,NONE
316,5.105,19.314,25.787,1,2,2.00,NONE
317,5.299,19.407,27.463,1,2,2.00,NONE
318,5.528,19.527,59.714,1,2,2.00,NONE
319,5.620,19.684,73.233,1,2,2.00,NONE
320,5.664,19.830,17.045,1,2,2.00,NONE
321,5.831,19.881,7.136,1,2,2.00,NONE
322,5.985,19.900,4.049,1,2,2.00,NONE
323,6.232,19.918,47.240,1,2,2.00,NONE
324,6.357,20.053,35.687,1,2,2.00,NONE
325,6.566,20.203,-69.394,1,2,2.00,NONE
326,6.627,20.041,-122.076,1,2,2.00,NONE
327,6.523,19.876,164.880,1,2,2.00,NONE
328,6.361,19.920,-42.929,1,2,2.00,NONE
329,6.473,19.816,-101.781,1,2,2.00,NONE
330,6.439,19.655,-124.987,1,2,2.00,NONE
331,6.311,19.472,-106.767,1,2,2.00,NONE
332,6.267,19.326,-8.738,1,2,2.00,NONE
333,6.476,19.294,-106.247,1,2,2.00,NONE
334,6.417,19.091,155.669,1,2,2.00,NONE
335,6.280,19.153,-81.338,1,2,2.00,NONE
336,6.305,18.988,-101.781,1,2,2.00,NONE
337,6.272,18.827,-82.634,1,2,2.00,NONE
338,6.296,18.639,1.322,1,2,2.00,NONE
339,6.461,18.643,77.758,1,2,2.00,NONE
340,6.525,18.940,69.695,1,2,2.00,NONE
341,6.595,19.128,56.371,1,2,2.00,NONE
342,6.711,19.303,64.239,1,2,2.00,NONE
343,6.778,19.442,23.395,1,2,2.00,NONE
344,7.020,19.546,32.437,1,2,2.00,NONE
345,7.288,19.717,28.341,1,2,2.00,NONE
346,7.542,19.854,30.542,1,2,2.00,NONE
347,7.725,19.962,44.945,1,2,2.00,NONE
348,7.887,20.124,56.788,1,2,2.00,NONE
349,8.029,20.340,65.211,1,2,2.00,NONE
350,8.123,20.545,78.965,1,2,2.00,NONE
351,8.191,20.891,55.383,1,2,2.00,NONE
352,8.346,21.116,75.367,1,2,2.00,NONE
353,8.390,21.286,140.768,1,2,2.00,NONE
354,8.256,21.395,95.183,1,2,2.00,NONE
355,8.243,21.544,141.087,1,2,2.00,NONE
356,8.108,21.653,42.859,1,2,2.00,NONE
357,8.220,21.757,61.795,1,2,2.00,NONE
358,8.299,21.905,69.108,1,2,2.00,NONE
359,8.383,22.125,75.142,1,2,2.00,NONE
360,8.458,22.408,40.563,1,2,2.00,NONE
361,8.619,22.546,35.687,1,2,2.00,NONE
362,8.816,22.687,77.229,1,2,2.00,NONE
363,8.896,23.041,58.195,1,2,2.00,NONE
364,8.999,23.208,24.715,1,2,2.00,NONE
365,9.181,23.291,-164.661,1,2,2.00,NONE
366,9.025,23.249,-147.743,1,2,2.00,NONE
367,8.757,23.079,109.298,1,2,2.00,NONE
368,8.687,23.280,74.499,1,2,2.00,NONE
369,8.702,23.337,-34.550,1,2,1.00,NONE
370,8.849,23.236,-175.942,1,2,1.00,NONE
371,8.672,23.224,35.687,1,2,1.00,NONE
372,8.806,23.321,-41.109,1,2,1.00,NONE
373,9.008,23.145,50.960,1,2,1.00,NONE
374,9.185,23.363,47.240,1,2,1.00,NONE
375,9.310,23.499,47.980,1,2,1.00,NONE
376,9.486,23.694,51.633,1,2,1.00,NONE
377,9.613,23.854,103.288,1,2,1.00,NONE
378,9.576,24.010,125.687,1,2,1.00,NONE
379,9.478,24.145,91.128,1,2,1.00,NONE
380,9.473,24.438,125.687,1,2,1.00,NONE
381,9.354,24.604,82.741,1,2,1.00,NONE
382,9.376,24.780,78.383,1,2,1.00,NONE
383,9.426,25.021,-160.181,1,2,1.00,NONE
384,9.233,24.952,-107.565,1,2,1.00,NONE
385,9.177,24.773,-101.781,1,2,1.00,NONE
386,9.143,24.613,-42.854,1,2,1.00,NONE
387,9.254,24.510,-103.587,1,2,1.00,NONE
388,9.207,24.316,-74.075,1,2,1.00,NONE
389,9.256,24.145,-115.054,1,2,1.00,NONE
390,9.175,23.973,-166.439,1,2,1.00,NONE
391,8.984,23.927,-149.850,1,2,1.00,NONE
392,8.814,23.828,3.340,1,2,1.00,NONE
393,8.849,23.830,-72.282,-1,2,1.00,NONE
394,8.908,23.645,-71.118,-1,2,1.00,NONE
395,8.959,23.498,-34.550,-1,2,1.00,NONE
396,9.105,23.397,-93.506,-1,2,1.00,NONE
397,9.095,23.230,-100.610,-1,2,1.00,NONE
398,9.026,22.861,-95.650,-1,2,1.00,NONE
399,8.994,22.542,-97.355,-1,2,1.00,NONE
400,8.952,22.213,-58.948,-1,2,1.00,NONE
401,9.047,22.054,-85.727,-1,2,1.00,NONE
402,9.060,21.880,-85.617,-1,2,1.00,NONE
403,9.074,21.708,-85.899,-1,2,1.00,NONE
404,9.086,21.534,-84.295,-1,2,1.00,NONE
405,9.101,21.385,-68.204,-1,2,1.00,NONE
406,9.172,21.207,-107.993,-1,2,1.00,NONE
407,9.114,21.029,-117.951,-1,2,1.00,NONE
408,8.996,20.806,-90.402,-1,2,1.00,NONE
409,8.995,20.601,-106.767,-1,2,1.00,NONE
410,8.951,20.454,-72.902,-1,2,1.00,NONE
411,9.020,20.230,-48.154,-1,2,1.00,NONE
412,9.206,20.021,-50.108,-1,2,1.00,NONE
413,9.337,19.864,-80.134,-1,2,1.00,NONE
414,9.373,19.661,-97.259,-1,2,1.00,NONE
415,9.350,19.485,-89.924,-1,2,1.00,NONE
416,9.351,19.302,74.959,-1,2,1.00,NONE
417,9.411,19.528,-84.295,-1,2,1.00,NONE
418,9.426,19.379,-97.480,-1,2,1.00,NONE
419,9.403,19.204,-110.305,-1,2,1.00,NONE
420,9.334,19.016,155.998,-1,2,1.00,NONE
421,9.196,19.077,-104.885,-1,2,1.00,NONE
422,9.151,18.908,-117.246,-1,2,1.00,NONE
423,9.058,18.726,-144.313,-1,2,1.00,NONE
424,8.923,18.630,161.387,-1,2,1.00,NONE
425,8.728,18.695,-123.725,-1,2,1.00,NONE
426,8.611,18.520,-106.537,-1,2,1.00,NONE
427,8.568,18.375,-70.961,-1,2,1.00,NONE
428,8.637,18.173,-84.987,-1,2,1.00,NONE
429,8.658,17.937,-90.285,-1,2,1.00,NONE
430,8.657,17.707,157.101,-1,2,1.00,NONE
431,8.496,17.775,-144.313,-1,2,1.00,NONE
432,8.373,17.687,-90.238,-1,2,1.00,NONE
433,8.373,17.481,-74.499,-1,2,1.00,NONE
434,8.431,17.271,-101.035,-1,2,1.00,NONE
435,8.363,16.925,-103.805,-1,2,1.00,NONE
436,8.316,16.732,-90.977,-1,2,1.00,NONE
437,8.311,16.454,-88.416,-1,2,1.00,NONE
438,8.318,16.185,-100.605,-1,2,1.00,NONE
439,8.284,16.000,-116.566,-1,2,1.00,NONE
440,8.177,15.787,-106.767,-1,2,1.00,NONE
441,8.133,15.641,-102.594,-1,2,1.00,NONE
442,8.085,15.424,-93.378,-1,2,1.00,NONE
443,8.068,15.137,-76.602,-1,2,1.00,NONE
444,8.123,14.903,-79.088,-1,2,1.00,NONE
445,8.178,14.622,-76.577,-1,2,1.00,NONE
446,8.215,14.466,-74.185,-1,2,1.00,NONE
447,8.263,14.296,179.368,-1,2,1.00,NONE
448,8.076,14.298,-115.761,-1,2,1.00,NONE
449,8.008,14.159,-156.878,-1,2,1.00,NONE
450,7.852,14.092,-84.624,-1,2,1.00,NONE
451,7.866,13.942,103.288,-1,2,1.00,NONE
452,7.829,14.098,-89.305,-1,2,1.00,NONE
453,7.831,13.939,125.687,-1,2,1.00,NONE
454,7.690,14.135,-104.840,-1,2,1.00,NONE
455,7.645,13.965,-95.516,-1,2,1.00,NONE
456,7.614,13.646,-71.225,-1,2,1.00,NONE
457,7.664,13.500,-54.313,-1,2,1.00,NONE
458,7.761,13.364,-76.512,-1,2,1.00,NONE
459,7.817,13.130,-67.307,-1,2,1.00,NONE
460,7.920,12.884,-70.961,-1,2,1.00,NONE
461,7.990,12.683,-71.225,-1,2,1.00,NONE
462,8.040,12.536,-169.697,-1,2,1.00,NONE
463,7.826,12.497,-118.929,-1,2,1.00,NONE
464,7.721,12.307,-97.736,-1,2,1.00,NONE
465,7.701,12.155,-10.633,-1,2,1.00,NONE
466,7.851,12.126,-78.783,-1,2,1.00,NONE
467,7.887,11.946,-67.307,-1,2,1.00,NONE
468,7.990,11.700,-67.984,-1,2,1.00,NONE
469,8.061,11.524,-107.993,-1,2,1.00,NONE
470,8.003,11.345,-89.741,-1,2,1.00,NONE
471,8.004,11.163,-123.965,-1,2,1.00,NONE
472,7.914,11.029,-1.560,-1,2,1.00,NONE
473,8.066,11.025,173.968,-1,2,1.00,NONE
474,7.845,11.048,-120.286,-1,2,1.00,NONE
475,7.753,10.891,-89.305,-1,2,1.00,NONE
476,7.755,10.733,56.371,-1,2,1.00,NONE
477,7.871,10.907,-78.119,-1,2,1.00,NONE
478,7.917,10.689,-68.276,-1,2,1.00,NONE
479,7.988,10.512,-74.075,-1,2,1.00,NONE
480,8.037,10.341,108.775,-1,2,1.00,NONE
481,7.987,10.488,147.621,-1,2,1.00,NONE
482,7.851,10.574,-93.506,-1,2,1.00,NONE
483,7.841,10.406,-93.471,-1,2,1.00,NONE
484,7.828,10.191,-64.497,-1,2,1.00,NONE
485,7.901,10.038,-83.648,-1,2,1.00,NONE
486,7.932,9.762,-103.805,-1,2,1.00,NONE
487,7.884,9.569,-90.822,-1,2,1.00,NONE
488,7.881,9.316,-76.273,-1,2,1.00,NONE
489,7.928,9.121,13.450,-1,2,1.00,NONE
490,8.118,9.166,-66.343,-1,2,1.00,NONE
491,8.294,8.766,-67.984,-1,2,1.00,NONE
492,8.365,8.590,-81.032,-1,2,1.00,NONE
493,8.391,8.425,-68.517,-1,2,1.00,NONE
494,8.482,8.194,-78.498,-1,2,1.00,NONE
495,8.518,8.014,-54.313,-1,2,1.00,NONE
496,8.649,7.833,-54.313,-1,2,1.00,NONE
497,8.756,7.683,-54.313,-1,2,1.00,NONE
498,8.908,7.472,-65.772,-1,2,1.00,NONE
499,8.970,7.334,-49.180,-1,2,1.00,NONE
500,9.080,7.207,-0.878,-1,2,1.00,NONE
501,9.268,7.204,-124.299,-1,2,1.00,NONE
502,9.177,7.071,-131.748,-1,2,1.00,NONE
503,9.064,6.945,-71.470,-1,2,1.00,NONE
504,9.113,6.797,-76.291,-1,2,1.00,NONE
505,9.170,6.563,-107.066,-1,2,1.00,NONE
506,9.126,6.418,-85.690,-1,2,1.00,NONE
507,9.145,6.157,-60.472,-1,2,1.00,NONE
508,9.283,5.914,-54.313,-1,2,1.00,NONE
509,9.446,5.687,-68.531,-1,2,1.00,NONE
510,9.558,5.403,6.428,-1,2,1.00,NONE
511,9.747,5.425,-89.305,-1,2,1.00,NONE
512,9.749,5.266,-69.394,-1,2,1.00,NONE
513,9.810,5.104,-54.313,-1,2,1.00,NONE
514,9.929,4.938,21.919,-1,2,1.00,NONE
515,10.073,4.996,-76.577,-1,2,1.00,NONE
516,10.110,4.840,144.276,-1,2,1.00,NONE
517,9.919,4.977,-78.354,-1,2,1.00,NONE
518,9.964,4.758,-58.924,-1,2,1.00,NONE
519,10.061,4.599,-115.317,-1,2,1.00,NONE
520,9.980,4.427,-76.247,-1,2,1.00,NONE
521,10.018,4.271,-79.836,-1,2,1.00,NONE
522,10.061,4.029,-49.180,-1,2,1.00,NONE
523,10.171,3.902,78.219,-1,2,1.00,NONE
524,10.204,4.063,64.946,-1,2,1.00,NONE
525,10.285,4.235,151.879,-1,2,1.00,NONE
526,10.103,4.332,76.413,-1,2,1.00,NONE
527,10.150,4.526,86.494,-1,2,1.00,NONE
528,10.160,4.693,105.001,-1,2,1.00,NONE
529,10.093,4.942,103.753,-1,2,1.00,NONE
530,10.055,5.098,-54.313,-1,2,1.00,NONE
531,10.164,4.947,78.219,-1,2,1.00,NONE
532,10.197,5.108,89.987,-1,2,1.00,NONE
533,10.197,5.313,88.536,-1,2,1.00,NONE
534,10.206,5.640,67.325,-1,2,1.00,NONE
535,10.301,5.868,41.366,-1,2,1.00,NONE
536,10.438,5.988,83.567,-1,2,1.00,NONE
537,10.463,6.212,69.695,-1,2,1.00,NONE
538,10.532,6.400,93.283,-1,2,1.00,NONE
539,10.521,6.597,97.101,-1,2,1.00,NONE
540,10.498,6.786,83.317,-1,2,1.00,NONE
541,10.521,6.985,81.310,-1,2,1.00,NONE
542,10.560,7.242,69.961,-1,2,1.00,NONE
543,10.616,7.396,76.413,-1,2,1.00,NONE
544,10.663,7.590,89.178,-1,2,1.00,NONE
545,10.667,7.843,89.023,-1,2,1.00,NONE
546,10.671,8.121,52.790,-1,2,1.00,NONE
547,10.786,8.273,89.987,-1,2,1.00,NONE
548,10.787,8.479,35.687,-1,2,1.00,NONE
549,10.947,8.593,35.687,-1,2,1.00,NONE
550,11.106,8.708,72.007,-1,2,1.00,NONE
551,11.164,8.886,-156.878,-1,2,1.00,NONE
552,11.007,8.819,90.515,-1,2,1.00,NONE
553,11.006,9.002,95.183,-1,2,1.00,NONE
554,10.992,9.151,83.299,-1,2,1.00,NONE
555,11.016,9.351,67.316,-1,2,1.00,NONE
556,11.084,9.515,64.683,-1,2,1.00,NONE
557,11.165,9.686,67.436,-1,2,1.00,NONE
558,11.247,9.883,15.339,-1,2,1.00,NONE
559,11.402,9.925,-58.948,-1,2,1.00,NONE
560,11.498,9.766,59.714,-1,2,1.00,NONE
561,11.590,9.923,95.705,-1,2,1.00,NONE
562,11.575,10.073,147.755,-1,2,1.00,NONE
563,11.440,10.158,173.155,-1,2,1.00,NONE
564,11.276,10.177,-172.272,-1,2,1.00,NONE
565,11.040,10.145,158.874,-1,2,1.00,NONE
566,10.834,10.225,130.298,-1,2,1.00,NONE
567,10.713,10.367,155.998,-1,2,1.00,NONE
568,10.575,10.429,134.053,-1,2,1.00,NONE
569,10.432,10.577,108.421,-1,2,1.00,NONE
570,10.383,10.724,17.045,-1,2,1.00,NONE
571,10.550,10.775,4.334,-1,2,1.00,NONE
572,10.727,10.788,15.339,-1,2,1.00,NONE
573,10.882,10.831,105.925,-1,2,1.00,NONE
574,10.833,11.002,164.955,-1,2,1.00,NONE
575,10.649,11.051,-128.638,-1,2,1.00,NONE
576,10.522,10.892,-42.929,-1,2,1.00,NONE
577,10.633,10.789,41.680,-1,2,1.00,NONE
578,10.769,10.910,105.254,-1,2,1.00,NONE
579,10.712,11.120,-172.557,-1,2,1.00,NONE
580,10.439,11.084,178.141,-1,2,1.00,NONE
581,10.287,11.089,170.061,-1,2,1.00,NONE
582,10.032,11.134,25.366,-1,2,1.00,NONE
583,10.309,11.265,-7.009,-1,2,1.00,NONE
584,10.554,11.235,-61.975,-1,2,1.00,NONE
585,10.659,11.037,-71.118,-1,2,1.00,NONE
586,10.710,10.889,-24.139,-1,2,1.00,NONE
587,10.846,10.828,-27.288,-1,2,1.00,NONE
588,10.994,10.752,-44.129,-1,2,1.00,NONE
589,11.116,10.634,8.492,-1,2,1.00,NONE
590,11.318,10.664,4.168,-1,2,1.00,NONE
591,11.529,10.679,15.339,-1,2,1.00,NONE
592,11.685,10.722,-101.544,-1,2,1.00,NONE
593,11.652,10.562,-144.313,-1,2,1.00,NONE
594,11.516,10.464,-101.544,-1,2,1.00,NONE
595,11.484,10.304,-140.525,-1,2,1.00,NONE
596,11.262,10.121,-129.703,-1,2,1.00,NONE
597,11.122,9.953,-137.141,-1,2,1.00,NONE
598,11.011,9.850,-166.439,-1,2,1.00,NONE
599,10.820,9.804,-151.485,-1,2,1.00,NONE
600,10.686,9.731,145.873,-1,2,1.00,NONE
601,10.506,9.853,57.924,-1,2,1.00,NONE
602,10.610,10.019,121.076,-1,2,1.00,NONE
603,10.514,10.179,108.184,-1,2,1.00,NONE
604,10.435,10.419,86.465,-1,2,1.00,NONE
605,10.449,10.657,120.555,-1,2,1.00,NONE
606,10.279,10.946,107.808,-1,2,1.00,NONE
607,10.219,11.132,88.900,-1,2,1.00,NONE
608,10.224,11.409,-31.913,-1,2,1.00,NONE
609,10.360,11.324,-109.948,-1,2,1.00,NONE
610,10.304,11.169,-97.259,-1,2,1.00,NONE
611,10.282,10.993,125.687,-1,2,1.00,NONE
612,10.173,11.144,35.687,-1,2,1.00,NONE
613,10.296,11.232,153.144,-1,2,1.00,NONE
614,10.091,11.336,147.755,-1,2,1.00,NONE
615,9.956,11.422,73.233,-1,2,1.00,NONE
616,10.000,11.568,128.989,-1,2,1.00,NONE
617,9.836,11.770,-59.445,-1,2,1.00,NONE
618,9.921,11.626,-26.027,-1,2,1.00,NONE
619,10.149,11.515,-12.411,-1,2,1.00,NONE
620,10.391,11.461,-22.899,-1,2,1.00,NONE
621,10.552,11.393,-76.381,-1,2,1.00,NONE
622,10.590,11.238,-144.313,-1,2,1.00,NONE
623,10.442,11.132,78.219,-1,2,1.00,NONE
624,10.476,11.293,112.087,-1,2,1.00,NONE
625,10.404,11.470,156.991,-1,2,1.00,NONE
626,10.244,11.538,-37.401,-1,2,1.00,NONE
627,10.367,11.444,-90.238,-1,2,1.00,NONE
628,10.366,11.237,-137.783,-1,2,1.00,NONE
629,10.242,11.125,152.406,-1,2,1.00,NONE
630,10.095,11.202,95.705,-1,2,1.00,NONE
631,10.080,11.352,131.846,-1,2,1.00,NONE
632,9.893,11.560,138.343,-1,2,1.00,NONE
633,9.637,11.788,121.052,-1,2,1.00,NONE
634,9.542,11.947,137.071,-1,2,1.00,NONE
635,9.430,12.050,130.630,-1,2,1.00,NONE
636,9.309,12.191,134.849,-1,2,1.00,NONE
637,9.177,12.325,144.276,-1,2,1.00,NONE
638,8.986,12.462,129.249,-1,2,1.00,NONE
639,8.833,12.649,154.279,-1,2,1.00,NONE
640,8.605,12.759,-85.899,-1,2,1.00,NONE
641,8.617,12.585,-84.295,-1,2,1.00,NONE
642,8.632,12.436,-72.562,-1,2,1.00,NONE
643,8.691,12.250,-42.560,-1,2,1.00,NONE
644,8.803,12.147,-69.713,-1,2,1.00,NONE
645,8.863,11.985,83.567,-1,2,1.00,NONE
646,8.888,12.209,107.530,-1,2,1.00,NONE
647,8.829,12.395,137.394,-1,2,1.00,NONE
648,8.662,12.549,152.406,-1,2,1.00,NONE
649,8.514,12.626,164.880,-1,2,1.00,NONE
650,8.353,12.670,145.450,-1,2,1.00,NONE
651,8.206,12.770,143.656,-1,2,1.00,NONE
652,8.050,12.886,141.087,-1,2,1.00,NONE
653,7.915,12.994,137.108,-1,2,1.00,NONE
654,7.693,13.201,137.096,-1,2,1.00,NONE
655,7.526,13.355,149.728,-1,2,1.00,NONE
656,7.333,13.468,152.868,-1,2,1.00,NONE
657,7.185,13.544,137.146,-1,2,1.00,NONE
658,7.075,13.647,-120.286,-1,2,1.00,NONE
659,6.983,13.490,-172.864,-1,2,1.00,NONE
660,6.829,13.471,-173.572,-1,2,1.00,NONE
661,6.640,13.449,-139.759,-1,2,1.00,NONE
662,6.467,13.303,157.273,-1,2,1.00,NONE
663,6.307,13.370,145.873,-1,2,1.00,NONE
664,6.127,13.492,120.555,-1,2,1.00,NONE
665,6.042,13.636,-132.881,-1,2,1.00,NONE
666,5.853,13.433,-144.313,-1,2,1.00,NONE
667,5.730,13.345,-125.671,-1,2,1.00,NONE
668,5.628,13.202,-135.015,-1,2,1.00,NONE
669,5.466,13.041,-144.313,-1,2,1.00,NONE
670,5.331,12.944,151.694,-1,2,1.00,NONE
671,4.968,13.139,152.347,-1,2,1.00,NONE
672,4.729,13.265,-173.712,-1,2,1.00,NONE
673,4.504,13.240,-156.878,-1,2,1.00,NONE
674,4.348,13.173,73.753,-1,2,1.00,NONE
675,4.407,13.375,15.506,-1,2,1.00,NONE
676,4.717,13.462,1.322,-1,2,1.00,NONE
677,4.882,13.465,114.881,-1,2,1.00,NONE
678,4.778,13.688,103.709,-1,2,1.00,NONE
679,4.721,13.922,110.606,-1,2,1.00,NONE
680,4.661,14.083,93.283,-1,2,1.00,NONE
681,4.649,14.281,120.555,-1,2,1.00,NONE
682,4.564,14.425,105.254,-1,2,1.00,NONE
683,4.507,14.635,-42.285,-1,2,1.00,NONE
684,4.773,14.393,-63.475,-1,2,1.00,NONE
685,4.899,14.140,-66.752,-1,2,1.00,NONE
686,4.982,13.948,135.149,-1,2,1.00,NONE
687,4.848,14.081,78.219,-1,2,1.00,NONE
688,4.881,14.242,54.329,-1,2,1.00,NONE
689,4.984,14.384,67.204,-1,2,1.00,NONE
690,5.080,14.614,29.158,-1,2,1.00,NONE
691,5.226,14.695,118.025,-1,2,1.00,NONE
692,5.120,14.894,125.687,-1,2,1.00,NONE
693,5.012,15.044,122.796,-1,2,1.00,NONE
694,4.851,15.294,110.606,-1,2,1.00,NONE
695,4.790,15.456,-12.193,-1,2,1.00,NONE
696,5.010,15.408,64.239,-1,2,1.00,NONE
697,5.078,15.548,97.101,-1,2,1.00,NONE
698,5.054,15.736,90.992,-1,2,1.00,NONE
699,5.051,15.895,125.687,-1,2,1.00,NONE
700,4.911,16.090,129.234,-1,2,1.00,NONE
701,4.757,16.278,-139.507,-1,2,1.00,NONE
702,4.585,16.131,-157.342,-1,2,1.00,NONE
703,4.356,16.035,-155.866,-1,2,1.00,NONE
704,4.187,15.960,178.141,-1,2,1.00,NONE
705,4.035,15.965,-131.419,-1,2,1.00,NONE
706,3.922,15.837,-156.170,-1,2,1.00,NONE
707,3.753,15.762,175.557,-1,2,1.00,NONE
708,3.437,15.787,164.796,-1,2,1.00,NONE
709,3.091,15.881,158.874,-1,2,1.00,NONE
710,2.885,15.960,146.640,-1,2,1.00,NONE
711,2.603,16.146,159.182,-1,2,1.00,NONE
712,2.374,16.233,130.990,-1,2,1.00,NONE
713,2.154,16.486,164.909,-1,2,1.00,NONE
714,1.923,16.549,-106.462,-1,2,1.00,NONE
715,1.864,16.347,160.590,-1,2,1.00,NONE
716,1.715,16.399,168.634,-1,2,1.00,NONE
717,1.541,16.434,143.354,-1,2,1.00,NONE
718,1.182,16.702,138.682,-1,2,1.00,NONE
719,0.981,16.878,138.261,-1,2,1.00,NONE
720,0.669,17.156,146.269,-1,2,1.00,NONE
721,0.241,17.442,133.893,-1,2,1.00,NONE
722,-0.201,17.902,135.422,-1,2,1.00,NONE
723,-0.643,18.337,160.135,-1,2,1.00,NONE
724,-0.919,18.437,-93.506,-1,2,1.00,NONE
725,-0.929,18.270,-47.397,-1,2,1.00,NONE
726,-0.676,17.995,-64.497,-1,2,1.00,NONE
727,-0.603,17.841,-19.420,-1,2,1.00,NONE
728,-0.155,17.683,146.373,-1,2,1.00,NONE
729,-0.369,17.826,155.669,-1,2,1.00,NONE
730,-0.506,17.888,107.808,-1,2,1.00,NONE
731,-0.566,18.074,105.621,-1,2,1.00,NONE
732,-0.614,18.245,121.482,-1,2,1.00,NONE
733,-0.721,18.420,136.493,-1,2,1.00,NONE
734,-0.898,18.589,116.175,-1,2,1.00,NONE
735,-0.981,18.757,114.278,-1,2,1.00,NONE
736,-1.075,18.964,30.811,-1,2,1.00,NONE
737,-0.893,19.073,163.239,-1,2,1.00,NONE
738,-1.295,19.194,176.381,-1,2,1.00,NONE
739,-1.530,19.209,-173.837,-1,2,1.00,NONE
740,-1.754,19.184,176.226,-1,2,1.00,NONE
741,-1.988,19.200,175.440,-1,2,1.00,NONE
742,-2.302,19.225,164.992,-1,2,1.00,NONE
743,-2.557,19.293,-117.168,-1,2,1.00,NONE
744,-3.021,18.388,-120.100,-1,2,1.00,NONE
745,-3.453,17.644,-108.337,-1,2,1.00,NONE
746,-3.582,17.254,0.967,-1,2,1.00,NONE
747,-3.289,17.259,54.538,-1,2,1.00,NONE
748,-2.456,18.429,55.499,-1,2,1.00,NONE
749,-2.083,18.971,50.960,-1,2,1.00,NONE
750,-1.906,19.189,28.341,-1,2,1.00,NONE
751,-1.652,19.327,27.495,-1,2,1.00,NONE
752,-1.421,19.447,35.687,-1,2,1.00,NONE
753,-1.188,19.614,5.942,-1,2,1.00,NONE
754,-0.964,19.637,23.122,-1,2,1.00,NONE
755,-0.807,19.704,-41.873,-1,2,1.00,NONE
756,-0.652,19.565,-56.884,-1,2,1.00,NONE
757,-0.469,19.285,-103.373,-1,2,1.00,NONE
758,-0.783,17.963,-15.202,-1,2,1.00,NONE
759,0.002,17.750,30.542,-1,2,1.00,NONE
760,0.184,17.858,90.259,-1,2,1.00,NONE
761,0.183,18.041,93.130,-1,2,1.00,NONE
762,0.166,18.349,93.283,-1,2,1.00,NONE
763,0.155,18.546,97.366,-1,2,1.00,NONE
764,0.131,18.734,117.321,-1,2,1.00,NONE
765,0.036,18.917,137.146,-1,2,1.00,NONE
766,-0.130,19.072,114.303,-1,2,1.00,NONE
767,-0.193,19.210,125.687,-1,2,1.00,NONE
768,-0.290,19.346,125.687,-1,2,1.00,NONE
769,-0.387,19.481,49.307,-1,2,1.00,NONE
770,-0.235,19.658,0.000,-1,2,1.00,NONE
771,-0.012,19.658,-40.642,-1,2,1.00,NONE
772,0.132,19.534,51.556,-1,2,1.00,NONE
773,0.260,19.695,86.736,-1,2,1.00,NONE
774,0.272,19.909,68.905,-1,2,1.00,NONE
775,0.357,20.129,-80.770,-1,2,1.00,NONE
776,0.433,19.659,-63.862,-1,2,1.00,NONE
777,0.914,18.680,131.508,-1,2,1.00,NONE
778,0.123,19.573,-177.553,-1,2,1.00,NONE
779,-0.688,19.539,-101.682,-1,2,1.00,NONE
780,-0.771,19.137,98.660,-1,2,1.00,NONE
781,-0.847,19.630,101.360,-1,2,1.00,NONE
782,-0.919,19.990,-125.071,-1,2,1.00,NONE
783,-1.112,19.714,-130.396,-1,2,1.00,NONE
784,-1.263,19.537,-108.908,-1,2,1.00,NONE
785,-1.377,19.204,-127.121,-1,2,1.00,NONE
786,-1.492,19.053,-131.748,-1,2,1.00,NONE
787,-1.718,18.799,-141.210,-1,2,1.00,NONE
788,-1.977,18.591,-161.316,-1,2,1.00,NONE
789,-2.217,18.510,-149.918,-1,2,1.00,NONE
790,-2.545,18.320,-158.721,-1,2,1.00,NONE
791,-2.893,18.184,-154.977,-1,2,1.00,NONE
792,-3.255,18.015,-147.588,-1,2,1.00,NONE
793,-3.536,17.837,-55.649,-1,2,1.00,NONE
794,-2.447,16.243,-91.183,-1,2,1.00,NONE
795,-2.459,15.663,-97.858,-1,2,1.00,NONE
796,-2.501,15.359,-98.027,-1,2,1.00,NONE
797,-2.540,15.079,-103.069,-1,2,1.00,NONE
798,-2.604,14.805,-107.396,-1,2,1.00,NONE
799,-2.677,14.570,-114.404,-1,2,1.00,NONE
800,-2.785,14.333,-103.051,-1,2,1.00,NONE
801,-2.849,14.058,-107.256,-1,2,1.00,NONE
802,-2.922,13.823,-108.626,-1,2,1.00,NONE
803,-2.993,13.612,-69.524,-1,2,1.00,NONE
804,-2.832,13.180,-54.313,-1,2,1.00,NONE
805,-2.496,12.712,-83.750,-1,2,1.00,NONE
806,-2.465,12.437,-68.745,-1,2,1.00,NONE
807,-2.313,12.045,-73.233,-1,2,1.00,NONE
808,-2.205,11.687,-63.880,-1,2,1.00,NONE
809,-2.006,11.282,-60.462,-1,2,1.00,NONE
810,-1.795,10.909,-56.892,-1,2,1.00,NONE
811,-1.613,10.629,-68.485,-1,2,1.00,NONE
812,-1.500,10.344,-110.892,-1,2,1.00,NONE
813,-1.584,10.124,-73.644,-1,2,1.00,NONE
814,-1.379,9.425,-67.515,-1,2,1.00,NONE
815,-0.571,7.471,-21.420,-1,2,1.00,NONE
816,1.137,6.801,-21.252,-1,2,1.00,NONE
817,2.478,6.280,-17.220,-1,2,1.00,NONE
818,3.411,5.991,-11.445,-1,2,1.00,NONE
819,3.932,5.885,145.450,-1,2,1.00,NONE
820,3.786,5.986,113.692,-1,2,1.00,NONE
821,3.641,6.316,-15.120,-1,2,1.00,NONE
822,3.803,6.272,-12.193,-1,2,1.00,NONE
823,4.023,6.225,-97.259,-1,2,1.00,NONE
824,4.001,6.049,147.755,-1,2,1.00,NONE
825,3.866,6.134,135.871,-1,2,1.00,NONE
826,3.744,6.252,169.239,-1,2,1.00,NONE
827,3.442,6.310,95.376,-1,2,1.00,NONE
828,3.427,6.459,109.298,-1,2,1.00,NONE
829,3.357,6.660,-93.506,-1,2,1.00,NONE
830,3.347,6.493,-150.842,-1,2,1.00,NONE
831,3.201,6.411,-138.776,-1,2,1.00,NONE
832,2.905,6.152,-146.313,-1,2,1.00,NONE
833,2.452,5.850,174.747,-1,2,1.00,NONE
834,1.776,5.912,-176.526,-1,2,1.00,NONE
835,1.045,5.868,-173.112,-1,2,1.00,NONE
836,0.396,5.789,-176.941,-1,2,1.00,NONE
837,-0.052,5.765,-174.507,-1,2,1.00,NONE
838,-0.383,5.734,-170.013,-1,2,1.00,NONE
839,-0.762,5.667,178.631,-1,2,1.00,NONE
840,-1.253,5.678,173.958,-1,2,1.00,NONE
841,-1.697,5.725,174.773,-1,2,1.00,NONE
842,-1.894,5.744,168.634,-1,2,1.00,NONE
843,-2.068,5.779,-138.320,-1,2,1.00,NONE
844,-2.204,5.658,134.756,-1,2,1.00,NONE
845,-3.620,7.086,164.835,-1,2,1.00,NONE
846,-5.213,7.517,162.309,-1,2,1.00,NONE
847,-6.226,7.840,160.453,-1,2,1.00,NONE
848,-6.950,8.097,161.152,-1,2,1.00,NONE
849,-7.467,8.274,159.771,-1,2,1.00,NONE
850,-7.845,8.413,154.889,-1,2,1.00,NONE
851,-8.153,8.558,154.196,-1,2,1.00,NONE
852,-8.438,8.695,154.171,-1,2,1.00,NONE
853,-8.666,8.806,155.366,-1,2,1.00,NONE
854,-8.861,8.895,154.008,-1,2,1.00,NONE
855,-9.032,8.978,-137.783,-1,2,1.00,NONE
856,-9.155,8.866,-139.779,-1,2,1.00,NONE
857,-9.329,8.719,-123.965,-1,2,1.00,NONE
858,-9.419,8.585,-118.205,-1,2,1.00,NONE
859,-9.499,8.437,-37.156,-1,2,1.00,NONE
860,-9.374,8.343,-23.847,-1,2,1.00,NONE
861,-9.158,8.247,-24.501,-1,2,1.00,NONE
862,-8.964,8.159,-24.331,-1,2,1.00,NONE
863,-8.827,8.097,-19.321,-1,2,1.00,NONE
864,-8.677,8.045,-21.908,-1,2,1.00,NONE
865,-8.494,7.971,-23.180,-1,2,1.00,NONE
866,-8.334,7.902,-24.501,-1,2,1.00,NONE
867,-8.140,7.814,-27.594,-1,2,1.00,NONE
868,-7.992,7.737,-23.809,-1,2,1.00,NONE
869,-7.855,7.676,-28.492,-1,2,1.00,NONE
870,-7.673,7.578,-33.880,-1,2,1.00,NONE
871,-7.493,7.456,-30.128,-1,2,1.00,NONE
872,-7.334,7.364,-31.913,-1,2,1.00,NONE
873,-7.198,7.280,-37.508,-1,2,1.00,NONE
874,-7.075,7.185,-35.493,-1,2,1.00,NONE
875,-6.883,7.048,-39.145,-1,2,1.00,NONE
876,-6.750,6.940,-39.232,-1,2,1.00,NONE
877,-6.616,6.830,-41.932,-1,2,1.00,NONE
878,-6.460,6.690,-40.350,-1,2,1.00,NONE
879,-6.314,6.567,-42.929,-1,2,1.00,NONE
880,-6.203,6.463,-40.642,-1,2,1.00,NONE
881,-6.059,6.339,-42.854,-1,2,1.00,NONE
882,-5.948,6.236,-32.088,-1,2,1.00,NONE
883,-5.778,6.130,-36.434,-1,2,1.00,NONE
884,-5.620,6.013,-31.979,-1,2,1.00,NONE
885,-5.451,5.908,-32.334,-1,2,1.00,NONE
886,-5.248,5.779,-31.913,-1,2,1.00,NONE
887,-5.112,5.694,-32.352,-1,2,1.00,NONE
888,-4.942,5.587,-31.913,-1,2,1.00,NONE
889,-4.806,5.502,-19.141,-1,2,1.00,NONE
890,-4.634,5.443,-14.903,-1,2,1.00,NONE
891,-4.473,5.400,-19.321,-1,2,1.00,NONE
892,-4.323,5.347,-8.928,-1,2,1.00,NONE
893,-4.219,5.331,-24.331,-1,3,1.00,NONE
894,-4.082,5.269,6.812,-1,3,1.00,NONE
895,-3.928,5.287,21.919,-1,3,1.00,NONE
896,-3.784,5.345,35.687,-1,3,1.00,NONE
897,-3.661,5.434,35.687,-1,3,1.00,NONE
898,-3.539,5.522,56.035,-1,3,1.00,NONE
899,-3.449,5.655,75.115,-1,3,1.00,NONE
900,-3.434,5.711,64.239,-1,3,2.00,NONE
901,-3.366,5.851,70.052,-1,3,2.00,NONE
902,-3.310,6.006,70.052,1,3,2.00,NONE
903,-3.254,6.161,73.233,1,3,2.00,NONE
904,-3.210,6.307,59.714,1,3,2.00,NONE
905,-3.118,6.464,70.052,1,3,2.00,NONE
906,-3.062,6.619,69.764,1,3,2.00,NONE
907,-3.005,6.773,30.440,1,3,2.00,NONE
908,-2.836,6.872,-30.128,1,3,2.00,NONE
909,-2.677,6.781,-58.518,1,3,2.00,NONE
910,-2.570,6.606,-86.472,1,3,2.00,NONE
911,-2.558,6.409,-54.313,1,3,2.00,NONE
912,-2.461,6.274,-85.727,1,3,2.00,NONE
913,-2.448,6.099,-62.679,1,3,2.00,NONE
914,-2.353,5.916,-71.225,1,3,2.00,NONE
915,-2.303,5.770,-64.829,1,3,2.00,NONE
916,-2.231,5.616,-66.752,1,3,2.00,NONE
917,-2.149,5.424,-86.717,1,3,2.00,NONE
918,-2.137,5.227,-81.032,1,3,2.00,NONE
919,-2.111,5.062,-90.238,1,3,2.00,NONE
920,-2.112,4.856,-99.141,1,3,2.00,NONE
921,-2.150,4.623,-110.543,1,3,2.00,NONE
922,-2.220,4.436,-112.794,1,3,2.00,NONE
923,-2.302,4.240,136.037,1,3,2.00,NONE
924,-2.546,4.476,-8.804,1,3,2.00,NONE
925,-2.232,4.427,-59.445,1,3,2.00,NONE
926,-2.147,4.283,-52.110,1,3,2.00,NONE
927,-1.907,3.975,-120.286,1,3,2.00,NONE
928,-1.999,3.818,-72.562,1,3,2.00,NONE
929,-1.940,3.632,-104.633,1,3,2.00,NONE
930,-1.985,3.463,-49.677,1,3,2.00,NONE
931,-1.864,3.321,-27.594,1,3,2.00,NONE
932,-1.717,3.244,-97.993,1,3,2.00,NONE
933,-1.738,3.092,-103.398,1,3,2.00,NONE
934,-1.784,2.899,-64.829,1,3,2.00,NONE
935,-1.712,2.745,-115.761,1,3,2.00,NONE
936,-1.779,2.605,-106.537,1,3,2.00,NONE
937,-1.822,2.460,-107.066,1,3,2.00,NONE
938,-1.867,2.315,-71.118,1,3,2.00,NONE
939,-1.816,2.167,-71.579,1,3,2.00,NONE
940,-1.767,2.020,-109.750,1,3,2.00,NONE
941,-1.823,1.866,-161.316,1,3,2.00,NONE
942,-2.063,1.785,-147.588,1,3,2.00,NONE
943,-2.343,1.607,-140.085,1,3,2.00,NONE
944,-2.541,1.441,-150.970,1,3,2.00,NONE
945,-2.820,1.286,-153.611,1,3,2.00,NONE
946,-3.025,1.185,-105.134,1,3,2.00,NONE
947,-3.102,0.902,-129.449,1,3,2.00,NONE
948,-3.240,0.733,-129.093,1,3,2.00,NONE
949,-3.418,0.515,-36.156,1,3,2.00,NONE
950,-3.260,0.399,-86.717,1,3,2.00,NONE
951,-3.249,0.202,-89.513,1,3,2.00,NONE
952,-3.247,0.044,-100.394,1,3,2.00,NONE
953,-3.281,-0.140,-100.605,1,3,2.00,NONE
954,-3.316,-0.325,-99.141,1,3,2.00,NONE
955,-3.353,-0.558,-112.684,1,3,2.00,NONE
956,-3.422,-0.722,-138.124,1,3,2.00,NONE
957,-3.546,-0.833,-112.796,1,3,2.00,NONE
958,-3.642,-1.062,-110.916,1,3,2.00,NONE
959,-3.739,-1.315,-93.535,1,3,2.00,NONE
960,-3.754,-1.553,-89.741,1,3,2.00,NONE
961,-3.753,-1.736,-120.527,1,3,2.00,NONE
962,-3.870,-1.935,-81.341,1,3,2.00,NONE
963,-3.820,-2.263,-96.701,1,3,2.00,NONE
964,-3.843,-2.464,-97.259,1,3,2.00,NONE
965,-3.866,-2.640,-144.313,1,3,2.00,NONE
966,-4.013,-2.746,-115.317,1,3,2.00,NONE
967,-4.094,-2.917,-138.776,1,3,2.00,NONE
968,-4.242,-3.047,-114.914,1,3,2.00,NONE
969,-4.337,-3.252,-144.313,1,3,2.00,NONE
970,-4.533,-3.393,-125.671,1,3,2.00,NONE
971,-4.635,-3.535,-103.587,1,3,2.00,NONE
972,-4.682,-3.729,-86.717,1,3,2.00,NONE
973,-4.671,-3.926,-109.266,1,3,2.00,NONE
974,-4.756,-4.169,-100.279,1,3,2.00,NONE
975,-4.808,-4.458,-99.141,1,3,2.00,NONE
976,-4.846,-4.691,-97.736,1,3,2.00,NONE
977,-4.866,-4.843,-78.783,1,3,2.00,NONE
978,-4.831,-5.023,-115.317,1,3,2.00,NONE
979,-4.912,-5.195,-93.240,1,3,2.00,NONE
980,-4.921,-5.362,-93.506,1,3,2.00,NONE
981,-4.932,-5.529,-89.305,1,3,2.00,NONE
982,-4.930,-5.688,-76.381,1,3,2.00,NONE
983,-4.892,-5.843,100.076,1,3,2.00,NONE
984,-4.953,-5.499,99.027,1,3,2.00,NONE
985,-4.995,-5.233,86.760,1,3,2.00,NONE
986,-4.986,-5.066,95.376,1,3,2.00,NONE
987,-5.000,-4.916,95.705,1,3,2.00,NONE
988,-5.015,-4.767,-10.889,1,3,2.00,NONE
989,-4.864,-4.796,-10.889,1,3,2.00,NONE
