	index,latitude,longitude,x_m,y_m,direction,mode,drive_level,event
0,35.5446710000,129.2560535000,0.000,0.000,1,1,2.00,NONE
1,35.5446721667,129.2560515000,-0.181,0.130,1,1,2.00,NONE
2,35.5446731667,129.2560495000,-0.362,0.241,1,1,2.00,NONE
3,35.5446748333,129.2560490000,-0.408,0.427,1,1,2.00,NONE
4,35.5446761667,129.2560505000,-0.272,0.575,1,1,2.00,NONE
5,35.5446783333,129.2560513333,-0.196,0.816,1,1,2.00,NONE
6,35.5446796667,129.2560516667,-0.166,0.965,1,1,2.00,NONE
7,35.5446778333,129.2560518333,-0.151,0.761,1,1,2.00,NONE
8,35.5446766667,129.2560541667,0.060,0.631,1,1,2.00,NONE
9,35.5446753333,129.2560551667,0.151,0.482,1,1,2.00,NONE
10,35.5446746667,129.2560568333,0.302,0.408,1,1,2.00,NONE
11,35.5446733333,129.2560563333,0.257,0.260,1,1,2.00,NONE
12,35.5446721667,129.2560573333,0.347,0.130,1,1,2.00,NONE
13,35.5446708333,129.2560578333,0.392,-0.019,1,1,2.00,NONE
14,35.5446711667,129.2560600000,0.589,0.019,1,1,2.00,NONE
15,35.5446695000,129.2560606667,0.649,-0.167,1,1,2.00,NONE
16,35.5446688333,129.2560628333,0.845,-0.241,1,1,2.00,NONE
17,35.5446703333,129.2560628333,0.845,-0.074,1,1,2.00,NONE
18,35.5446705000,129.2560610000,0.679,-0.056,1,1,2.00,NONE
19,35.5446721667,129.2560588333,0.483,0.130,1,1,2.00,NONE
20,35.5446731667,129.2560575000,0.362,0.241,1,1,2.00,NONE
21,35.5446743333,129.2560563333,0.257,0.371,1,1,2.00,NONE
22,35.5446765000,129.2560565000,0.272,0.612,1,1,2.00,NONE
23,35.5446786667,129.2560571667,0.332,0.853,1,1,2.00,NONE
24,35.5446813333,129.2560570000,0.317,1.150,1,1,2.00,NONE
25,35.5446828333,129.2560570000,0.317,1.317,1,1,2.00,NONE
26,35.5446845000,129.2560588333,0.483,1.503,1,1,2.00,NONE
27,35.5446861667,129.2560578333,0.392,1.688,1,1,2.00,NONE
28,35.5446866667,129.2560606667,0.649,1.744,1,1,2.00,NONE
29,35.5446888333,129.2560610000,0.679,1.985,1,1,2.00,NONE
30,35.5446901667,129.2560603333,0.619,2.134,1,1,2.00,NONE
31,35.5446910000,129.2560583333,0.438,2.226,1,1,2.00,NONE
32,35.5446921667,129.2560556667,0.196,2.356,1,1,2.00,NONE
33,35.5446933333,129.2560546667,0.106,2.486,1,1,2.00,NONE
34,35.5446938333,129.2560525000,-0.091,2.542,1,1,2.00,NONE
35,35.5446925000,129.2560510000,-0.226,2.393,1,1,2.00,NONE
36,35.5446933333,129.2560493333,-0.377,2.486,1,1,2.00,NONE
37,35.5446945000,129.2560468333,-0.604,2.616,1,1,2.00,NONE
38,35.5446960000,129.2560470000,-0.589,2.783,1,1,2.00,NONE
39,35.5446966667,129.2560485000,-0.453,2.857,1,1,2.00,NONE
40,35.5446971667,129.2560505000,-0.272,2.913,1,1,2.00,NONE
41,35.5446958333,129.2560511667,-0.211,2.764,1,1,2.00,NONE
42,35.5446965000,129.2560495000,-0.362,2.839,1,1,2.00,NONE
43,35.5446950000,129.2560496667,-0.347,2.672,1,1,2.00,NONE
44,35.5446931667,129.2560491667,-0.392,2.468,1,1,2.00,NONE
45,35.5446910000,129.2560491667,-0.392,2.226,1,1,2.00,NONE
46,35.5446896667,129.2560486667,-0.438,2.078,1,1,2.00,NONE
47,35.5446878333,129.2560471667,-0.574,1.874,1,1,2.00,NONE
48,35.5446895000,129.2560476667,-0.528,2.059,1,1,2.00,NONE
49,35.5446916667,129.2560466667,-0.619,2.301,1,1,2.00,NONE
50,35.5446931667,129.2560465000,-0.634,2.468,1,1,2.00,NONE
51,35.5446915000,129.2560465000,-0.634,2.282,1,1,2.00,NONE
52,35.5446900000,129.2560475000,-0.543,2.115,1,1,2.00,NONE
53,35.5446881667,129.2560488333,-0.423,1.911,1,1,2.00,NONE
54,35.5446865000,129.2560498333,-0.332,1.725,1,1,2.00,NONE
55,35.5446853333,129.2560511667,-0.211,1.596,1,1,2.00,NONE
56,35.5446835000,129.2560506667,-0.257,1.391,1,1,2.00,NONE
57,35.5446831667,129.2560485000,-0.453,1.354,1,1,2.00,NONE
58,35.5446825000,129.2560468333,-0.604,1.280,1,1,2.00,NONE
59,35.5446803333,129.2560463333,-0.649,1.039,1,1,2.00,NONE
60,35.5446776667,129.2560466667,-0.619,0.742,1,1,2.00,NONE
61,35.5446750000,129.2560470000,-0.589,0.445,1,1,2.00,NONE
62,35.5446733333,129.2560471667,-0.574,0.260,1,1,2.00,NONE
63,35.5446715000,129.2560475000,-0.543,0.056,1,1,2.00,NONE
64,35.5446690000,129.2560476667,-0.528,-0.223,1,1,2.00,NONE
65,35.5446671667,129.2560480000,-0.498,-0.427,1,1,2.00,NONE
66,35.5446653333,129.2560485000,-0.453,-0.631,1,1,2.00,NONE
67,35.5446635000,129.2560476667,-0.528,-0.835,1,1,2.00,NONE
68,35.5446623333,129.2560468333,-0.604,-0.965,1,1,2.00,NONE
69,35.5446611667,129.2560460000,-0.679,-1.095,1,1,2.00,NONE
70,35.5446605000,129.2560445000,-0.815,-1.169,1,1,2.00,NONE
71,35.5446595000,129.2560430000,-0.951,-1.280,1,1,2.00,NONE
72,35.5446576667,129.2560423333,-1.011,-1.484,1,1,2.00,NONE
73,35.5446571667,129.2560396667,-1.253,-1.540,1,1,2.00,NONE
74,35.5446588333,129.2560380000,-1.404,-1.354,1,1,2.00,NONE
75,35.5446610000,129.2560373333,-1.464,-1.113,1,1,2.00,NONE
76,35.5446618333,129.2560360000,-1.585,-1.020,1,1,2.00,NONE
77,35.5446615000,129.2560338333,-1.781,-1.058,1,1,2.00,NONE
78,35.5446601667,129.2560321667,-1.932,-1.206,1,1,2.00,NONE
79,35.5446576667,129.2560305000,-2.083,-1.484,1,1,2.00,NONE
80,35.5446556667,129.2560293333,-2.189,-1.707,1,1,2.00,NONE
81,35.5446530000,129.2560290000,-2.219,-2.004,1,1,2.00,NONE
82,35.5446510000,129.2560285000,-2.264,-2.226,1,1,2.00,NONE
83,35.5446490000,129.2560280000,-2.310,-2.449,1,1,2.00,NONE
84,35.5446471667,129.2560275000,-2.355,-2.653,1,1,2.00,NONE
85,35.5446446667,129.2560270000,-2.400,-2.931,1,1,2.00,NONE
86,35.5446418333,129.2560268333,-2.415,-3.247,1,1,2.00,NONE
87,35.5446391667,129.2560271667,-2.385,-3.544,1,1,2.00,NONE
88,35.5446370000,129.2560270000,-2.400,-3.785,1,1,2.00,NONE
89,35.5446338333,129.2560265000,-2.446,-4.137,1,1,2.00,NONE
90,35.5446313333,129.2560260000,-2.491,-4.416,1,1,2.00,NONE
91,35.5446290000,129.2560265000,-2.446,-4.675,1,1,2.00,NONE
92,35.5446266667,129.2560270000,-2.400,-4.935,1,1,2.00,NONE
93,35.5446246667,129.2560285000,-2.264,-5.158,1,1,2.00,NONE
94,35.5446225000,129.2560295000,-2.174,-5.399,1,1,2.00,NONE
95,35.5446210000,129.2560303333,-2.098,-5.566,1,1,2.00,NONE
96,35.5446220000,129.2560285000,-2.264,-5.455,1,1,2.00,NONE
97,35.5446233333,129.2560258333,-2.506,-5.306,1,1,2.00,NONE
98,35.5446236667,129.2560241667,-2.657,-5.269,1,1,2.00,NONE
99,35.5446248333,129.2560221667,-2.838,-5.139,1,1,2.00,NONE
100,35.5446265000,129.2560205000,-2.989,-4.954,1,1,2.00,NONE
101,35.5446243333,129.2560185000,-3.170,-5.195,1,1,2.00,NONE
102,35.5446230000,129.2560175000,-3.261,-5.343,1,1,2.00,NONE
103,35.5446215000,129.2560156667,-3.427,-5.510,1,1,2.00,NONE
104,35.5446203333,129.2560133333,-3.638,-5.640,1,1,2.00,NONE
105,35.5446196667,129.2560118333,-3.774,-5.714,1,1,2.00,NONE
106,35.5446186667,129.2560103333,-3.910,-5.826,1,1,2.00,NONE
107,35.5446161667,129.2560105000,-3.895,-6.104,1,1,2.00,NONE
108,35.5446138333,129.2560110000,-3.850,-6.364,1,1,2.00,NONE
109,35.5446118333,129.2560120000,-3.759,-6.586,1,1,2.00,NONE
110,35.5446120000,129.2560101667,-3.925,-6.568,1,1,2.00,NONE
111,35.5446118333,129.2560083333,-4.091,-6.586,1,1,2.00,NONE
112,35.5446098333,129.2560083333,-4.091,-6.809,1,1,2.00,NONE
113,35.5446081667,129.2560085000,-4.076,-6.995,1,1,2.00,NONE
114,35.5446066667,129.2560080000,-4.121,-7.162,1,1,2.00,NONE
115,35.5446036667,129.2560083333,-4.091,-7.496,1,1,2.00,NONE
116,35.5446005000,129.2560090000,-4.031,-7.848,1,1,2.00,NONE
117,35.5445986667,129.2560095000,-3.985,-8.052,1,1,2.00,NONE
118,35.5445968333,129.2560098333,-3.955,-8.256,1,1,2.00,NONE
119,35.5445946667,129.2560108333,-3.865,-8.497,1,1,2.00,NONE
120,35.5445946667,129.2560090000,-4.031,-8.497,1,1,2.00,NONE
121,35.5445925000,129.2560071667,-4.197,-8.739,1,1,2.00,NONE
122,35.5445903333,129.2560065000,-4.257,-8.980,1,1,2.00,NONE
123,35.5445868333,129.2560060000,-4.302,-9.369,1,1,2.00,NONE
124,35.5445841667,129.2560055000,-4.348,-9.666,1,1,2.00,NONE
125,35.5445818333,129.2560045000,-4.438,-9.926,1,1,2.00,NONE
126,35.5445803333,129.2560038333,-4.499,-10.093,1,1,2.00,NONE
127,35.5445815000,129.2560023333,-4.635,-9.963,1,1,2.00,NONE
128,35.5445821667,129.2559988333,-4.952,-9.889,1,1,2.00,NONE
129,35.5445815000,129.2559955000,-5.253,-9.963,1,1,2.00,NONE
130,35.5445811667,129.2559918333,-5.586,-10.000,1,1,2.00,NONE
131,35.5445825000,129.2559908333,-5.676,-9.852,1,1,2.00,NONE
132,35.5445818333,129.2559925000,-5.525,-9.926,1,1,2.00,NONE
133,35.5445798333,129.2559931667,-5.465,-10.149,1,1,2.00,NONE
134,35.5445773333,129.2559906667,-5.691,-10.427,1,1,2.00,NONE
135,35.5445753333,129.2559880000,-5.933,-10.650,1,1,2.00,NONE
136,35.5445746667,129.2559860000,-6.114,-10.724,1,1,2.00,NONE
137,35.5445733333,129.2559853333,-6.174,-10.872,1,1,2.00,NONE
138,35.5445718333,129.2559846667,-6.235,-11.039,1,1,2.00,NONE
139,35.5445706667,129.2559835000,-6.340,-11.169,1,1,2.00,NONE
140,35.5445686667,129.2559815000,-6.522,-11.392,1,1,2.00,NONE
141,35.5445670000,129.2559795000,-6.703,-11.577,1,1,2.00,NONE
142,35.5445658333,129.2559785000,-6.793,-11.707,1,1,2.00,NONE
143,35.5445660000,129.2559763333,-6.990,-11.689,1,1,2.00,NONE
144,35.5445656667,129.2559738333,-7.216,-11.726,1,1,2.00,NONE
145,35.5445668333,129.2559720000,-7.382,-11.596,1,1,2.00,NONE
146,35.5445673333,129.2559703333,-7.533,-11.540,1,1,2.00,NONE
147,35.5445673333,129.2559686667,-7.684,-11.540,1,1,2.00,NONE
148,35.5445663333,129.2559671667,-7.820,-11.651,1,1,2.00,NONE
149,35.5445648333,129.2559653333,-7.986,-11.818,1,1,2.00,NONE
150,35.5445638333,129.2559635000,-8.152,-11.930,1,1,2.00,NONE
151,35.5445630000,129.2559616667,-8.318,-12.023,1,1,2.00,NONE
152,35.5445616667,129.2559608333,-8.393,-12.171,1,1,2.00,NONE
153,35.5445598333,129.2559603333,-8.439,-12.375,1,1,2.00,NONE
154,35.5445581667,129.2559595000,-8.514,-12.561,1,1,2.00,NONE
155,35.5445558333,129.2559581667,-8.635,-12.820,1,1,2.00,NONE
156,35.5445545000,129.2559571667,-8.726,-12.969,1,1,2.00,NONE
157,35.5445535000,129.2559548333,-8.937,-13.080,1,1,2.00,NONE
158,35.5445538333,129.2559518333,-9.209,-13.043,1,1,2.00,NONE
159,35.5445550000,129.2559505000,-9.329,-12.913,1,1,2.00,NONE
160,35.5445566667,129.2559490000,-9.465,-12.728,1,1,2.00,NONE
161,35.5445586667,129.2559476667,-9.586,-12.505,1,1,2.00,NONE
162,35.5445593333,129.2559458333,-9.752,-12.431,1,1,2.00,NONE
163,35.5445586667,129.2559433333,-9.979,-12.505,1,1,2.00,NONE
164,35.5445578333,129.2559420000,-10.099,-12.598,1,1,2.00,NONE
165,35.5445591667,129.2559411667,-10.175,-12.449,1,1,2.00,NONE
166,35.5445605000,129.2559405000,-10.235,-12.301,1,1,2.00,NONE
167,35.5445621667,129.2559393333,-10.341,-12.115,1,1,2.00,NONE
168,35.5445633333,129.2559371667,-10.537,-11.985,1,1,2.00,NONE
169,35.5445620000,129.2559353333,-10.703,-12.134,1,1,2.00,NONE
170,35.5445606667,129.2559341667,-10.809,-12.282,1,1,2.00,NONE
171,35.5445586667,129.2559320000,-11.005,-12.505,1,1,2.00,NONE
172,35.5445571667,129.2559310000,-11.096,-12.672,1,1,2.00,NONE
173,35.5445550000,129.2559295000,-11.232,-12.913,1,1,2.00,NONE
174,35.5445528333,129.2559281667,-11.352,-13.154,1,1,2.00,NONE
175,35.5445516667,129.2559271667,-11.443,-13.284,1,1,2.00,NONE
176,35.5445528333,129.2559261667,-11.533,-13.154,1,1,2.00,NONE
177,35.5445550000,129.2559255000,-11.594,-12.913,1,1,2.00,NONE
178,35.5445566667,129.2559240000,-11.730,-12.728,1,1,2.00,NONE
179,35.5445578333,129.2559216667,-11.941,-12.598,1,1,2.00,NONE
180,35.5445601667,129.2559205000,-12.047,-12.338,1,1,2.00,NONE
181,35.5445613333,129.2559195000,-12.137,-12.208,1,1,2.00,NONE
182,35.5445605000,129.2559171667,-12.349,-12.301,1,1,2.00,NONE
183,35.5445591667,129.2559161667,-12.439,-12.449,1,1,2.00,NONE
184,35.5445563333,129.2559145000,-12.590,-12.765,1,1,2.00,NONE
185,35.5445543333,129.2559126667,-12.756,-12.987,1,1,2.00,NONE
186,35.5445523333,129.2559108333,-12.922,-13.210,1,1,2.00,NONE
187,35.5445516667,129.2559090000,-13.088,-13.284,1,1,2.00,NONE
188,35.5445526667,129.2559063333,-13.330,-13.173,1,1,2.00,NONE
189,35.5445493333,129.2559055000,-13.405,-13.544,1,1,2.00,NONE
190,35.5445471667,129.2559040000,-13.541,-13.785,1,1,2.00,NONE
191,35.5445443333,129.2559031667,-13.617,-14.101,1,1,2.00,NONE
192,35.5445435000,129.2559015000,-13.768,-14.193,1,1,2.00,NONE
193,35.5445423333,129.2559005000,-13.858,-14.323,1,1,2.00,NONE
194,35.5445398333,129.2558996667,-13.934,-14.601,1,1,2.00,NONE
195,35.5445378333,129.2559028333,-13.647,-14.824,1,1,2.00,NONE
196,35.5445365000,129.2559051667,-13.436,-14.973,1,1,2.00,NONE
197,35.5445356667,129.2559071667,-13.254,-15.065,1,1,2.00,NONE
198,35.5445338333,129.2559083333,-13.149,-15.269,1,1,2.00,NONE
199,35.5445318333,129.2559086667,-13.119,-15.492,1,1,2.00,NONE
200,35.5445295000,129.2559073333,-13.239,-15.752,1,1,2.00,NONE
201,35.5445293333,129.2559055000,-13.405,-15.770,1,1,2.00,NONE
202,35.5445286667,129.2559036667,-13.571,-15.845,1,1,2.00,NONE
203,35.5445270000,129.2559026667,-13.662,-16.030,1,1,2.00,NONE
204,35.5445270000,129.2559008333,-13.828,-16.030,1,1,2.00,NONE
205,35.5445288333,129.2559001667,-13.888,-15.826,1,1,2.00,NONE
206,35.5445300000,129.2558991667,-13.979,-15.696,1,1,2.00,NONE
207,35.5445315000,129.2558973333,-14.145,-15.529,1,1,2.00,NONE
208,35.5445330000,129.2558958333,-14.281,-15.362,1,1,2.00,NONE
209,35.5445308333,129.2558955000,-14.311,-15.603,1,1,2.00,NONE
210,35.5445296667,129.2558963333,-14.236,-15.733,1,1,2.00,NONE
211,35.5445286667,129.2558978333,-14.100,-15.845,1,1,2.00,NONE
212,35.5445276667,129.2558991667,-13.979,-15.956,1,1,2.00,NONE
213,35.5445266667,129.2559003333,-13.873,-16.067,1,1,2.00,NONE
214,35.5445258333,129.2559018333,-13.737,-16.160,1,1,2.00,NONE
215,35.5445241667,129.2559036667,-13.571,-16.345,1,1,2.00,NONE
216,35.5445230000,129.2559046667,-13.481,-16.475,1,1,2.00,NONE
217,35.5445233333,129.2559065000,-13.315,-16.438,1,1,2.00,NONE
218,35.5445231667,129.2559088333,-13.103,-16.457,1,1,2.00,NONE
219,35.5445228333,129.2559108333,-12.922,-16.494,1,1,2.00,NONE
220,35.5445243333,129.2559131667,-12.711,-16.327,1,1,2.00,NONE
221,35.5445236667,129.2559158333,-12.469,-16.401,1,1,2.00,NONE
222,35.5445235000,129.2559183333,-12.243,-16.420,1,1,2.00,NONE
223,35.5445218333,129.2559186667,-12.213,-16.605,1,1,2.00,NONE
224,35.5445221667,129.2559161667,-12.439,-16.568,1,1,2.00,NONE
225,35.5445231667,129.2559173333,-12.334,-16.457,1,1,2.00,NONE
226,35.5445248333,129.2559158333,-12.469,-16.271,1,1,2.00,NONE
227,35.5445270000,129.2559155000,-12.500,-16.030,1,1,2.00,NONE
228,35.5445286667,129.2559160000,-12.454,-15.845,1,1,2.00,NONE
229,35.5445296667,129.2559178333,-12.288,-15.733,1,1,2.00,NONE
230,35.5445280000,129.2559158333,-12.469,-15.919,1,1,2.00,NONE
231,35.5445260000,129.2559150000,-12.545,-16.141,1,1,2.00,NONE
232,35.5445231667,129.2559148333,-12.560,-16.457,1,1,2.00,NONE
233,35.5445250000,129.2559165000,-12.409,-16.253,1,1,2.00,NONE
234,35.5445256667,129.2559140000,-12.635,-16.179,1,1,2.00,NONE
235,35.5445270000,129.2559130000,-12.726,-16.030,1,1,2.00,NONE
236,35.5445281667,129.2559120000,-12.817,-15.900,1,1,2.00,NONE
237,35.5445266667,129.2559140000,-12.635,-16.067,1,1,2.00,NONE
238,35.5445248333,129.2559135000,-12.681,-16.271,1,1,2.00,NONE
239,35.5445231667,129.2559136667,-12.666,-16.457,1,1,2.00,NONE
240,35.5445218333,129.2559141667,-12.620,-16.605,1,1,2.00,NONE
241,35.5445221667,129.2559158333,-12.469,-16.568,1,1,2.00,NONE
242,35.5445235000,129.2559163333,-12.424,-16.420,1,1,2.00,NONE
243,35.5445248333,129.2559173333,-12.334,-16.271,1,1,2.00,NONE
244,35.5445261667,129.2559185000,-12.228,-16.123,1,1,2.00,NONE
245,35.5445225000,129.2559191667,-12.167,-16.531,1,1,2.00,NONE
246,35.5445210000,129.2559185000,-12.228,-16.698,1,1,2.00,NONE
247,35.5445205000,129.2559163333,-12.424,-16.754,1,1,2.00,NONE
248,35.5445235000,129.2559131667,-12.711,-16.420,1,1,2.00,NONE
249,35.5445253333,129.2559115000,-12.862,-16.216,1,1,2.00,NONE
250,35.5445275000,129.2559120000,-12.817,-15.974,1,1,2.00,NONE
251,35.5445293333,129.2559105000,-12.952,-15.770,1,1,2.00,NONE
252,35.5445311667,129.2559100000,-12.998,-15.566,1,1,2.00,NONE
253,35.5445333333,129.2559093333,-13.058,-15.325,1,1,2.00,NONE
254,35.5445345000,129.2559063333,-13.330,-15.195,1,1,2.00,NONE
255,35.5445361667,129.2559061667,-13.345,-15.010,1,1,2.00,NONE
256,35.5445380000,129.2559055000,-13.405,-14.806,1,1,2.00,NONE
257,35.5445370000,129.2559043333,-13.511,-14.917,1,1,2.00,NONE
258,35.5445350000,129.2559071667,-13.254,-15.140,1,1,2.00,NONE
259,35.5445335000,129.2559080000,-13.179,-15.307,1,1,2.00,NONE
260,35.5445318333,129.2559075000,-13.224,-15.492,1,1,2.00,NONE
261,35.5445303333,129.2559078333,-13.194,-15.659,1,1,2.00,NONE
262,35.5445281667,129.2559081667,-13.164,-15.900,1,1,2.00,NONE
263,35.5445265000,129.2559071667,-13.254,-16.086,1,1,2.00,NONE
264,35.5445280000,129.2559050000,-13.451,-15.919,1,1,2.00,NONE
265,35.5445308333,129.2559033333,-13.602,-15.603,1,1,2.00,NONE
266,35.5445325000,129.2559030000,-13.632,-15.418,1,1,2.00,NONE
267,35.5445336667,129.2559018333,-13.737,-15.288,1,1,2.00,NONE
268,35.5445345000,129.2558991667,-13.979,-15.195,1,1,2.00,NONE
269,35.5445358333,129.2558995000,-13.949,-15.047,1,1,2.00,NONE
270,35.5445350000,129.2558975000,-14.130,-15.140,1,1,2.00,NONE
271,35.5445328333,129.2558961667,-14.251,-15.381,1,1,2.00,NONE
272,35.5445310000,129.2558983333,-14.055,-15.585,1,1,2.00,NONE
273,35.5445325000,129.2559003333,-13.873,-15.418,1,1,2.00,NONE
274,35.5445338333,129.2559006667,-13.843,-15.269,1,1,2.00,NONE
275,35.5445328333,129.2558986667,-14.024,-15.381,1,1,2.00,NONE
276,35.5445313333,129.2558995000,-13.949,-15.548,1,2,2.00,NONE
277,35.5445296667,129.2558968333,-14.190,-15.733,1,2,2.00,NONE
278,35.5445298333,129.2558986667,-14.024,-15.715,1,2,2.00,NONE
279,35.5445308333,129.2559018333,-13.737,-15.603,1,2,2.00,NONE
280,35.5445300000,129.2559005000,-13.858,-15.696,1,2,2.00,NONE
281,35.5445285000,129.2558986667,-14.024,-15.863,1,2,2.00,NONE
282,35.5445271667,129.2558973333,-14.145,-16.012,1,2,2.00,NONE
283,35.5445258333,129.2558955000,-14.311,-16.160,1,2,2.00,NONE
284,35.5445236667,129.2558926667,-14.568,-16.401,1,2,2.00,NONE
285,35.5445218333,129.2558943333,-14.417,-16.605,1,2,2.00,NONE
286,35.5445208333,129.2558923333,-14.598,-16.717,1,2,2.00,NONE
287,35.5445213333,129.2558906667,-14.749,-16.661,1,2,2.00,NONE
288,35.5445208333,129.2558885000,-14.945,-16.717,1,2,2.00,NONE
289,35.5445210000,129.2558868333,-15.096,-16.698,1,2,2.00,NONE
290,35.5445228333,129.2558860000,-15.172,-16.494,1,2,2.00,NONE
291,35.5445251667,129.2558868333,-15.096,-16.234,1,2,2.00,NONE
292,35.5445270000,129.2558878333,-15.006,-16.030,1,2,2.00,NONE
293,35.5445281667,129.2558866667,-15.111,-15.900,1,2,2.00,NONE
294,35.5445298333,129.2558830000,-15.443,-15.715,1,2,2.00,NONE
295,35.5445301667,129.2558806667,-15.655,-15.678,1,2,2.00,NONE
296,35.5445306667,129.2558790000,-15.806,-15.622,1,2,2.00,NONE
297,35.5445331667,129.2558788333,-15.821,-15.344,1,2,2.00,NONE
298,35.5445358333,129.2558798333,-15.730,-15.047,1,2,2.00,NONE
299,35.5445368333,129.2558810000,-15.625,-14.935,1,2,2.00,NONE
300,35.5445378333,129.2558831667,-15.428,-14.824,1,2,2.00,NONE
301,35.5445390000,129.2558840000,-15.353,-14.694,1,2,2.00,NONE
302,35.5445410000,129.2558855000,-15.217,-14.472,1,2,2.00,NONE
303,35.5445428333,129.2558861667,-15.157,-14.268,1,2,2.00,NONE
304,35.5445445000,129.2558866667,-15.111,-14.082,1,2,2.00,NONE
305,35.5445466667,129.2558866667,-15.111,-13.841,1,2,2.00,NONE
306,35.5445485000,129.2558863333,-15.141,-13.637,1,2,2.00,NONE
307,35.5445510000,129.2558871667,-15.066,-13.358,1,2,2.00,NONE
308,35.5445535000,129.2558883333,-14.960,-13.080,1,2,2.00,NONE
309,35.5445521667,129.2558878333,-15.006,-13.229,1,2,2.00,NONE
310,35.5445536667,129.2558890000,-14.900,-13.062,1,2,2.00,NONE
311,35.5445550000,129.2558898333,-14.824,-12.913,1,2,2.00,NONE
312,35.5445560000,129.2558910000,-14.719,-12.802,1,2,2.00,NONE
313,35.5445561667,129.2558891667,-14.885,-12.783,1,2,2.00,NONE
314,35.5445570000,129.2558866667,-15.111,-12.690,1,2,2.00,NONE
315,35.5445576667,129.2558851667,-15.247,-12.616,1,2,2.00,NONE
316,35.5445568333,129.2558833333,-15.413,-12.709,1,2,2.00,NONE
317,35.5445571667,129.2558810000,-15.625,-12.672,1,2,2.00,NONE
318,35.5445575000,129.2558781667,-15.881,-12.635,1,2,2.00,NONE
319,35.5445568333,129.2558763333,-16.047,-12.709,1,2,2.00,NONE
320,35.5445560000,129.2558750000,-16.168,-12.802,1,2,2.00,NONE
321,35.5445565000,129.2558731667,-16.334,-12.746,1,2,2.00,NONE
322,35.5445571667,129.2558716667,-16.470,-12.672,1,2,2.00,NONE
323,35.5445583333,129.2558693333,-16.681,-12.542,1,2,2.00,NONE
324,35.5445580000,129.2558673333,-16.862,-12.579,1,2,2.00,NONE
325,35.5445580000,129.2558645000,-17.119,-12.579,1,2,2.00,NONE
326,35.5445595000,129.2558650000,-17.074,-12.412,1,2,2.00,NONE
327,35.5445601667,129.2558670000,-16.893,-12.338,1,2,2.00,NONE
328,35.5445590000,129.2558681667,-16.787,-12.468,1,2,2.00,NONE
329,35.5445603333,129.2558678333,-16.817,-12.319,1,2,2.00,NONE
330,35.5445613333,129.2558691667,-16.696,-12.208,1,2,2.00,NONE
331,35.5445620000,129.2558715000,-16.485,-12.134,1,2,2.00,NONE
332,35.5445628333,129.2558728333,-16.364,-12.041,1,2,2.00,NONE
333,35.5445641667,129.2558711667,-16.515,-11.893,1,2,2.00,NONE
334,35.5445653333,129.2558730000,-16.349,-11.763,1,2,2.00,NONE
335,35.5445641667,129.2558738333,-16.274,-11.893,1,2,2.00,NONE
336,35.5445655000,129.2558746667,-16.198,-11.744,1,2,2.00,NONE
337,35.5445665000,129.2558760000,-16.077,-11.633,1,2,2.00,NONE
338,35.5445680000,129.2558770000,-15.987,-11.466,1,2,2.00,NONE
339,35.5445688333,129.2558755000,-16.123,-11.373,1,2,2.00,NONE
340,35.5445670000,129.2558730000,-16.349,-11.577,1,2,2.00,NONE
341,35.5445660000,129.2558711667,-16.515,-11.689,1,2,2.00,NONE
342,35.5445653333,129.2558690000,-16.711,-11.763,1,2,2.00,NONE
343,35.5445646667,129.2558675000,-16.847,-11.837,1,2,2.00,NONE
344,35.5445651667,129.2558646667,-17.104,-11.781,1,2,2.00,NONE
345,35.5445653333,129.2558611667,-17.421,-11.763,1,2,2.00,NONE
346,35.5445656667,129.2558580000,-17.708,-11.726,1,2,2.00,NONE
347,35.5445658333,129.2558556667,-17.919,-11.707,1,2,2.00,NONE
348,35.5445655000,129.2558531667,-18.146,-11.744,1,2,2.00,NONE
349,35.5445646667,129.2558505000,-18.387,-11.837,1,2,2.00,NONE
350,35.5445636667,129.2558483333,-18.583,-11.948,1,2,2.00,NONE
351,35.5445615000,129.2558455000,-18.840,-12.190,1,2,2.00,NONE
352,35.5445606667,129.2558426667,-19.097,-12.282,1,2,2.00,NONE
353,35.5445596667,129.2558411667,-19.232,-12.394,1,2,2.00,NONE
354,35.5445581667,129.2558416667,-19.187,-12.561,1,2,2.00,NONE
355,35.5445570000,129.2558408333,-19.263,-12.690,1,2,2.00,NONE
356,35.5445555000,129.2558413333,-19.217,-12.857,1,2,2.00,NONE
357,35.5445553333,129.2558396667,-19.368,-12.876,1,2,2.00,NONE
358,35.5445546667,129.2558380000,-19.519,-12.950,1,2,2.00,NONE
359,35.5445535000,129.2558358333,-19.716,-13.080,1,2,2.00,NONE
360,35.5445518333,129.2558333333,-19.942,-13.266,1,2,2.00,NONE
361,35.5445516667,129.2558310000,-20.153,-13.284,1,2,2.00,NONE
362,35.5445516667,129.2558283333,-20.395,-13.284,1,2,2.00,NONE
363,35.5445495000,129.2558253333,-20.667,-13.525,1,2,2.00,NONE
364,35.5445488333,129.2558233333,-20.848,-13.600,1,2,2.00,NONE
365,35.5445491667,129.2558211667,-21.044,-13.562,1,2,2.00,NONE
366,35.5445486667,129.2558228333,-20.893,-13.618,1,2,2.00,NONE
367,35.5445485000,129.2558263333,-20.576,-13.637,1,2,2.00,NONE
368,35.5445466667,129.2558256667,-20.636,-13.841,1,2,2.00,NONE
369,35.5445463333,129.2558251667,-20.682,-13.878,1,2,1.00,NONE
370,35.5445478333,129.2558245000,-20.742,-13.711,1,2,1.00,NONE
371,35.5445470000,129.2558261667,-20.591,-13.804,1,2,1.00,NONE
372,35.5445470000,129.2558243333,-20.757,-13.804,1,2,1.00,NONE
373,35.5445493333,129.2558236667,-20.818,-13.544,1,2,1.00,NONE
374,35.5445486667,129.2558206667,-21.089,-13.618,1,2,1.00,NONE
375,35.5445483333,129.2558186667,-21.270,-13.655,1,2,1.00,NONE
376,35.5445478333,129.2558158333,-21.527,-13.711,1,2,1.00,NONE
377,35.5445473333,129.2558136667,-21.723,-13.767,1,2,1.00,NONE
378,35.5445460000,129.2558130000,-21.784,-13.915,1,2,1.00,NONE
379,35.5445445000,129.2558130000,-21.784,-14.082,1,2,1.00,NONE
380,35.5445423333,129.2558111667,-21.950,-14.323,1,2,1.00,NONE
381,35.5445405000,129.2558111667,-21.950,-14.527,1,2,1.00,NONE
382,35.5445393333,129.2558098333,-22.071,-14.657,1,2,1.00,NONE
383,35.5445378333,129.2558078333,-22.252,-14.824,1,2,1.00,NONE
384,35.5445373333,129.2558100000,-22.055,-14.880,1,2,1.00,NONE
385,35.5445383333,129.2558116667,-21.905,-14.768,1,2,1.00,NONE
386,35.5445393333,129.2558130000,-21.784,-14.657,1,2,1.00,NONE
387,35.5445406667,129.2558126667,-21.814,-14.509,1,2,1.00,NONE
388,35.5445418333,129.2558143333,-21.663,-14.379,1,2,1.00,NONE
389,35.5445433333,129.2558150000,-21.603,-14.212,1,2,1.00,NONE
390,35.5445441667,129.2558168333,-21.437,-14.119,1,2,1.00,NONE
391,35.5445435000,129.2558188333,-21.255,-14.193,1,2,1.00,NONE
392,35.5445433333,129.2558210000,-21.059,-14.212,1,2,1.00,NONE
393,35.5445435000,129.2558206667,-21.089,-14.193,-1,2,1.00,NONE
394,35.5445451667,129.2558213333,-21.029,-14.008,-1,2,1.00,NONE
395,35.5445465000,129.2558218333,-20.984,-13.859,-1,2,1.00,NONE
396,35.5445480000,129.2558211667,-21.044,-13.692,-1,2,1.00,NONE
397,35.5445491667,129.2558223333,-20.938,-13.562,-1,2,1.00,NONE
398,35.5445515000,129.2558253333,-20.667,-13.303,-1,2,1.00,NONE
399,35.5445536667,129.2558276667,-20.455,-13.062,-1,2,1.00,NONE
400,35.5445558333,129.2558301667,-20.229,-12.820,-1,2,1.00,NONE
401,35.5445575000,129.2558303333,-20.214,-12.635,-1,2,1.00,NONE
402,35.5445588333,129.2558313333,-20.123,-12.486,-1,2,1.00,NONE
403,35.5445601667,129.2558323333,-20.033,-12.338,-1,2,1.00,NONE
404,35.5445615000,129.2558333333,-19.942,-12.190,-1,2,1.00,NONE
405,35.5445626667,129.2558341667,-19.867,-12.060,-1,2,1.00,NONE
406,35.5445643333,129.2558346667,-19.821,-11.874,-1,2,1.00,NONE
407,35.5445653333,129.2558363333,-19.670,-11.763,-1,2,1.00,NONE
408,35.5445663333,129.2558388333,-19.444,-11.651,-1,2,1.00,NONE
409,35.5445678333,129.2558401667,-19.323,-11.485,-1,2,1.00,NONE
410,35.5445686667,129.2558415000,-19.202,-11.392,-1,2,1.00,NONE
411,35.5445706667,129.2558423333,-19.127,-11.169,-1,2,1.00,NONE
412,35.5445731667,129.2558420000,-19.157,-10.891,-1,2,1.00,NONE
413,35.5445750000,129.2558418333,-19.172,-10.687,-1,2,1.00,NONE
414,35.5445766667,129.2558428333,-19.082,-10.501,-1,2,1.00,NONE
415,35.5445778333,129.2558441667,-18.961,-10.371,-1,2,1.00,NONE
416,35.5445791667,129.2558453333,-18.855,-10.223,-1,2,1.00,NONE
417,35.5445778333,129.2558433333,-19.036,-10.371,-1,2,1.00,NONE
418,35.5445790000,129.2558441667,-18.961,-10.241,-1,2,1.00,NONE
419,35.5445801667,129.2558455000,-18.840,-10.112,-1,2,1.00,NONE
420,35.5445811667,129.2558473333,-18.674,-10.000,-1,2,1.00,NONE
421,35.5445800000,129.2558481667,-18.598,-10.130,-1,2,1.00,NONE
422,35.5445810000,129.2558496667,-18.463,-10.019,-1,2,1.00,NONE
423,35.5445818333,129.2558516667,-18.281,-9.926,-1,2,1.00,NONE
424,35.5445818333,129.2558535000,-18.115,-9.926,-1,2,1.00,NONE
425,35.5445803333,129.2558548333,-17.995,-10.093,-1,2,1.00,NONE
426,35.5445810000,129.2558570000,-17.798,-10.019,-1,2,1.00,NONE
427,35.5445818333,129.2558583333,-17.678,-9.926,-1,2,1.00,NONE
428,35.5445836667,129.2558590000,-17.617,-9.722,-1,2,1.00,NONE
429,35.5445855000,129.2558603333,-17.496,-9.518,-1,2,1.00,NONE
430,35.5445871667,129.2558618333,-17.361,-9.332,-1,2,1.00,NONE
431,35.5445858333,129.2558628333,-17.270,-9.481,-1,2,1.00,NONE
432,35.5445858333,129.2558645000,-17.119,-9.481,-1,2,1.00,NONE
433,35.5445873333,129.2558658333,-16.998,-9.314,-1,2,1.00,NONE
434,35.5445891667,129.2558666667,-16.923,-9.110,-1,2,1.00,NONE
435,35.5445913333,129.2558695000,-16.666,-8.868,-1,2,1.00,NONE
436,35.5445925000,129.2558711667,-16.515,-8.739,-1,2,1.00,NONE
437,35.5445945000,129.2558730000,-16.349,-8.516,-1,2,1.00,NONE
438,35.5445965000,129.2558746667,-16.198,-8.293,-1,2,1.00,NONE
439,35.5445976667,129.2558761667,-16.062,-8.163,-1,2,1.00,NONE
440,35.5445986667,129.2558785000,-15.851,-8.052,-1,2,1.00,NONE
441,35.5445995000,129.2558798333,-15.730,-7.959,-1,2,1.00,NONE
442,35.5446008333,129.2558816667,-15.564,-7.811,-1,2,1.00,NONE
443,35.5446028333,129.2558836667,-15.383,-7.588,-1,2,1.00,NONE
444,35.5446048333,129.2558846667,-15.292,-7.366,-1,2,1.00,NONE
445,35.5446071667,129.2558860000,-15.172,-7.106,-1,2,1.00,NONE
446,35.5446085000,129.2558866667,-15.111,-6.957,-1,2,1.00,NONE
447,35.5446100000,129.2558873333,-15.051,-6.791,-1,2,1.00,NONE
448,35.5446090000,129.2558890000,-14.900,-6.902,-1,2,1.00,NONE
449,35.5446096667,129.2558905000,-14.764,-6.828,-1,2,1.00,NONE
450,35.5446093333,129.2558923333,-14.598,-6.865,-1,2,1.00,NONE
451,35.5446105000,129.2558931667,-14.522,-6.735,-1,2,1.00,NONE
452,35.5446091667,129.2558925000,-14.583,-6.883,-1,2,1.00,NONE
453,35.5446103333,129.2558935000,-14.492,-6.753,-1,2,1.00,NONE
454,35.5446081667,129.2558935000,-14.492,-6.995,-1,2,1.00,NONE
455,35.5446091667,129.2558950000,-14.356,-6.883,-1,2,1.00,NONE
456,35.5446113333,129.2558973333,-14.145,-6.642,-1,2,1.00,NONE
457,35.5446126667,129.2558978333,-14.100,-6.494,-1,2,1.00,NONE
458,35.5446141667,129.2558978333,-14.100,-6.327,-1,2,1.00,NONE
459,35.5446161667,129.2558988333,-14.009,-6.104,-1,2,1.00,NONE
460,35.5446185000,129.2558995000,-13.949,-5.844,-1,2,1.00,NONE
461,35.5446203333,129.2559001667,-13.888,-5.640,-1,2,1.00,NONE
462,35.5446216667,129.2559006667,-13.843,-5.492,-1,2,1.00,NONE
463,35.5446208333,129.2559028333,-13.647,-5.585,-1,2,1.00,NONE
464,35.5446216667,129.2559050000,-13.451,-5.492,-1,2,1.00,NONE
465,35.5446226667,129.2559061667,-13.345,-5.380,-1,2,1.00,NONE
466,35.5446236667,129.2559050000,-13.451,-5.269,-1,2,1.00,NONE
467,35.5446251667,129.2559058333,-13.375,-5.102,-1,2,1.00,NONE
468,35.5446275000,129.2559065000,-13.315,-4.842,-1,2,1.00,NONE
469,35.5446291667,129.2559070000,-13.270,-4.657,-1,2,1.00,NONE
470,35.5446301667,129.2559086667,-13.119,-4.546,-1,2,1.00,NONE
471,35.5446315000,129.2559098333,-13.013,-4.397,-1,2,1.00,NONE
472,35.5446320000,129.2559115000,-12.862,-4.341,-1,2,1.00,NONE
473,35.5446328333,129.2559101667,-12.983,-4.249,-1,2,1.00,NONE
474,35.5446315000,129.2559120000,-12.817,-4.397,-1,2,1.00,NONE
475,35.5446321667,129.2559138333,-12.651,-4.323,-1,2,1.00,NONE
476,35.5446333333,129.2559148333,-12.560,-4.193,-1,2,1.00,NONE
477,35.5446326667,129.2559126667,-12.756,-4.267,-1,2,1.00,NONE
478,35.5446345000,129.2559136667,-12.666,-4.063,-1,2,1.00,NONE
479,35.5446361667,129.2559141667,-12.620,-3.878,-1,2,1.00,NONE
480,35.5446376667,129.2559148333,-12.560,-3.711,-1,2,1.00,NONE
481,35.5446363333,129.2559143333,-12.605,-3.859,-1,2,1.00,NONE
482,35.5446350000,129.2559150000,-12.545,-4.008,-1,2,1.00,NONE
483,35.5446361667,129.2559161667,-12.439,-3.878,-1,2,1.00,NONE
484,35.5446376667,129.2559176667,-12.303,-3.711,-1,2,1.00,NONE
485,35.5446391667,129.2559180000,-12.273,-3.544,-1,2,1.00,NONE
486,35.5446413333,129.2559195000,-12.137,-3.302,-1,2,1.00,NONE
487,35.5446425000,129.2559211667,-11.986,-3.173,-1,2,1.00,NONE
488,35.5446443333,129.2559228333,-11.835,-2.969,-1,2,1.00,NONE
489,35.5446460000,129.2559236667,-11.760,-2.783,-1,2,1.00,NONE
490,35.5446466667,129.2559216667,-11.941,-2.709,-1,2,1.00,NONE
491,35.5446505000,129.2559226667,-11.850,-2.282,-1,2,1.00,NONE
492,35.5446521667,129.2559231667,-11.805,-2.097,-1,2,1.00,NONE
493,35.5446535000,129.2559240000,-11.730,-1.948,-1,2,1.00,NONE
494,35.5446556667,129.2559246667,-11.669,-1.707,-1,2,1.00,NONE
495,35.5446571667,129.2559255000,-11.594,-1.540,-1,2,1.00,NONE
496,35.5446591667,129.2559255000,-11.594,-1.317,-1,2,1.00,NONE
497,35.5446608333,129.2559255000,-11.594,-1.132,-1,2,1.00,NONE
498,35.5446631667,129.2559255000,-11.594,-0.872,-1,2,1.00,NONE
499,35.5446645000,129.2559258333,-11.564,-0.724,-1,2,1.00,NONE
500,35.5446660000,129.2559256667,-11.579,-0.557,-1,2,1.00,NONE
501,35.5446670000,129.2559240000,-11.730,-0.445,-1,2,1.00,NONE
502,35.5446675000,129.2559256667,-11.579,-0.390,-1,2,1.00,NONE
503,35.5446678333,129.2559275000,-11.413,-0.353,-1,2,1.00,NONE
504,35.5446691667,129.2559280000,-11.367,-0.204,-1,2,1.00,NONE
505,35.5446711667,129.2559290000,-11.277,0.019,-1,2,1.00,NONE
506,35.5446720000,129.2559303333,-11.156,0.111,-1,2,1.00,NONE
507,35.5446740000,129.2559318333,-11.020,0.334,-1,2,1.00,NONE
508,35.5446765000,129.2559321667,-10.990,0.612,-1,2,1.00,NONE
509,35.5446790000,129.2559321667,-10.990,0.891,-1,2,1.00,NONE
510,35.5446816667,129.2559330000,-10.915,1.187,-1,2,1.00,NONE
511,35.5446825000,129.2559311667,-11.081,1.280,-1,2,1.00,NONE
512,35.5446836667,129.2559321667,-10.990,1.410,-1,2,1.00,NONE
513,35.5446851667,129.2559326667,-10.945,1.577,-1,2,1.00,NONE
514,35.5446870000,129.2559326667,-10.945,1.781,-1,2,1.00,NONE
515,35.5446873333,129.2559310000,-11.096,1.818,-1,2,1.00,NONE
516,35.5446886667,129.2559316667,-11.035,1.967,-1,2,1.00,NONE
517,35.5446866667,129.2559325000,-10.960,1.744,-1,2,1.00,NONE
518,35.5446885000,129.2559335000,-10.869,1.948,-1,2,1.00,NONE
519,35.5446901667,129.2559336667,-10.854,2.134,-1,2,1.00,NONE
520,35.5446910000,129.2559355000,-10.688,2.226,-1,2,1.00,NONE
521,35.5446923333,129.2559361667,-10.628,2.375,-1,2,1.00,NONE
522,35.5446943333,129.2559373333,-10.522,2.597,-1,2,1.00,NONE
523,35.5446958333,129.2559371667,-10.537,2.764,-1,2,1.00,NONE
524,35.5446948333,129.2559358333,-10.658,2.653,-1,2,1.00,NONE
525,35.5446940000,129.2559340000,-10.824,2.560,-1,2,1.00,NONE
526,35.5446923333,129.2559350000,-10.733,2.375,-1,2,1.00,NONE
527,35.5446911667,129.2559333333,-10.884,2.245,-1,2,1.00,NONE
528,35.5446900000,129.2559321667,-10.990,2.115,-1,2,1.00,NONE
529,35.5446878333,129.2559311667,-11.081,1.874,-1,2,1.00,NONE
530,35.5446865000,129.2559305000,-11.141,1.725,-1,2,1.00,NONE
531,35.5446881667,129.2559305000,-11.141,1.911,-1,2,1.00,NONE
532,35.5446871667,129.2559291667,-11.262,1.800,-1,2,1.00,NONE
533,35.5446856667,129.2559278333,-11.382,1.633,-1,2,1.00,NONE
534,35.5446833333,129.2559256667,-11.579,1.373,-1,2,1.00,NONE
535,35.5446821667,129.2559233333,-11.790,1.243,-1,2,1.00,NONE
536,35.5446820000,129.2559213333,-11.971,1.225,-1,2,1.00,NONE
537,35.5446805000,129.2559196667,-12.122,1.058,-1,2,1.00,NONE
538,35.5446795000,129.2559178333,-12.288,0.946,-1,2,1.00,NONE
539,35.5446780000,129.2559166667,-12.394,0.779,-1,2,1.00,NONE
540,35.5446765000,129.2559156667,-12.485,0.612,-1,2,1.00,NONE
541,35.5446751667,129.2559141667,-12.620,0.464,-1,2,1.00,NONE
542,35.5446735000,129.2559121667,-12.802,0.278,-1,2,1.00,NONE
543,35.5446726667,129.2559106667,-12.937,0.186,-1,2,1.00,NONE
544,35.5446715000,129.2559090000,-13.088,0.056,-1,2,1.00,NONE
545,35.5446696667,129.2559073333,-13.239,-0.148,-1,2,1.00,NONE
546,35.5446676667,129.2559055000,-13.405,-0.371,-1,2,1.00,NONE
547,35.5446671667,129.2559035000,-13.587,-0.427,-1,2,1.00,NONE
548,35.5446656667,129.2559021667,-13.707,-0.594,-1,2,1.00,NONE
549,35.5446656667,129.2559000000,-13.904,-0.594,-1,2,1.00,NONE
550,35.5446656667,129.2558978333,-14.100,-0.594,-1,2,1.00,NONE
551,35.5446646667,129.2558961667,-14.251,-0.705,-1,2,1.00,NONE
552,35.5446643333,129.2558980000,-14.085,-0.742,-1,2,1.00,NONE
553,35.5446630000,129.2558968333,-14.190,-0.891,-1,2,1.00,NONE
554,35.5446618333,129.2558960000,-14.266,-1.020,-1,2,1.00,NONE
555,35.5446605000,129.2558945000,-14.402,-1.169,-1,2,1.00,NONE
556,35.5446596667,129.2558928333,-14.553,-1.262,-1,2,1.00,NONE
557,35.5446588333,129.2558910000,-14.719,-1.354,-1,2,1.00,NONE
558,35.5446578333,129.2558890000,-14.900,-1.466,-1,2,1.00,NONE
559,35.5446583333,129.2558873333,-15.051,-1.410,-1,2,1.00,NONE
560,35.5446600000,129.2558875000,-15.036,-1.225,-1,2,1.00,NONE
561,35.5446593333,129.2558856667,-15.202,-1.299,-1,2,1.00,NONE
562,35.5446581667,129.2558848333,-15.277,-1.429,-1,2,1.00,NONE
563,35.5446568333,129.2558855000,-15.217,-1.577,-1,2,1.00,NONE
564,35.5446558333,129.2558868333,-15.096,-1.688,-1,2,1.00,NONE
565,35.5446548333,129.2558891667,-14.885,-1.800,-1,2,1.00,NONE
566,35.5446531667,129.2558905000,-14.764,-1.985,-1,2,1.00,NONE
567,35.5446515000,129.2558906667,-14.749,-2.171,-1,2,1.00,NONE
568,35.5446503333,129.2558915000,-14.673,-2.301,-1,2,1.00,NONE
569,35.5446485000,129.2558918333,-14.643,-2.505,-1,2,1.00,NONE
570,35.5446471667,129.2558913333,-14.689,-2.653,-1,2,1.00,NONE
571,35.5446476667,129.2558895000,-14.855,-2.597,-1,2,1.00,NONE
572,35.5446485000,129.2558878333,-15.006,-2.505,-1,2,1.00,NONE
573,35.5446490000,129.2558861667,-15.157,-2.449,-1,2,1.00,NONE
574,35.5446475000,129.2558855000,-15.217,-2.616,-1,2,1.00,NONE
575,35.5446461667,129.2558868333,-15.096,-2.764,-1,2,1.00,NONE
576,35.5446466667,129.2558890000,-14.900,-2.709,-1,2,1.00,NONE
577,35.5446480000,129.2558886667,-14.930,-2.560,-1,2,1.00,NONE
578,35.5446478333,129.2558866667,-15.111,-2.579,-1,2,1.00,NONE
579,35.5446460000,129.2558858333,-15.187,-2.783,-1,2,1.00,NONE
580,35.5446448333,129.2558885000,-14.945,-2.913,-1,2,1.00,NONE
581,35.5446440000,129.2558898333,-14.824,-3.006,-1,2,1.00,NONE
582,35.5446423333,129.2558918333,-14.643,-3.191,-1,2,1.00,NONE
583,35.5446428333,129.2558885000,-14.945,-3.136,-1,2,1.00,NONE
584,35.5446443333,129.2558865000,-15.126,-2.969,-1,2,1.00,NONE
585,35.5446463333,129.2558868333,-15.096,-2.746,-1,2,1.00,NONE
586,35.5446476667,129.2558873333,-15.051,-2.597,-1,2,1.00,NONE
587,35.5446488333,129.2558865000,-15.126,-2.468,-1,2,1.00,NONE
588,35.5446501667,129.2558856667,-15.202,-2.319,-1,2,1.00,NONE
589,35.5446516667,129.2558853333,-15.232,-2.152,-1,2,1.00,NONE
590,35.5446525000,129.2558833333,-15.413,-2.059,-1,2,1.00,NONE
591,35.5446535000,129.2558813333,-15.594,-1.948,-1,2,1.00,NONE
592,35.5446540000,129.2558796667,-15.745,-1.892,-1,2,1.00,NONE
593,35.5446550000,129.2558810000,-15.625,-1.781,-1,2,1.00,NONE
594,35.5446550000,129.2558828333,-15.458,-1.781,-1,2,1.00,NONE
595,35.5446560000,129.2558841667,-15.338,-1.670,-1,2,1.00,NONE
596,35.5446561667,129.2558873333,-15.051,-1.651,-1,2,1.00,NONE
597,35.5446566667,129.2558896667,-14.840,-1.596,-1,2,1.00,NONE
598,35.5446568333,129.2558913333,-14.689,-1.577,-1,2,1.00,NONE
599,35.5446561667,129.2558933333,-14.507,-1.651,-1,2,1.00,NONE
600,35.5446560000,129.2558950000,-14.356,-1.670,-1,2,1.00,NONE
601,35.5446541667,129.2558958333,-14.281,-1.874,-1,2,1.00,NONE
602,35.5446535000,129.2558938333,-14.462,-1.948,-1,2,1.00,NONE
603,35.5446518333,129.2558936667,-14.477,-2.134,-1,2,1.00,NONE
604,35.5446496667,129.2558928333,-14.553,-2.375,-1,2,1.00,NONE
605,35.5446480000,129.2558911667,-14.704,-2.560,-1,2,1.00,NONE
606,35.5446450000,129.2558908333,-14.734,-2.894,-1,2,1.00,NONE
607,35.5446433333,129.2558901667,-14.794,-3.080,-1,2,1.00,NONE
608,35.5446413333,129.2558883333,-14.960,-3.302,-1,2,1.00,NONE
609,35.5446426667,129.2558876667,-15.021,-3.154,-1,2,1.00,NONE
610,35.5446435000,129.2558891667,-14.885,-3.061,-1,2,1.00,NONE
611,35.5446446667,129.2558905000,-14.764,-2.931,-1,2,1.00,NONE
612,35.5446430000,129.2558905000,-14.764,-3.117,-1,2,1.00,NONE
613,35.5446430000,129.2558888333,-14.915,-3.117,-1,2,1.00,NONE
614,35.5446411667,129.2558900000,-14.809,-3.321,-1,2,1.00,NONE
615,35.5446398333,129.2558906667,-14.749,-3.469,-1,2,1.00,NONE
616,35.5446390000,129.2558893333,-14.870,-3.562,-1,2,1.00,NONE
617,35.5446366667,129.2558895000,-14.855,-3.822,-1,2,1.00,NONE
618,35.5446381667,129.2558896667,-14.840,-3.655,-1,2,1.00,NONE
619,35.5446401667,129.2558883333,-14.960,-3.432,-1,2,1.00,NONE
620,35.5446418333,129.2558865000,-15.126,-3.247,-1,2,1.00,NONE
621,35.5446431667,129.2558855000,-15.217,-3.098,-1,2,1.00,NONE
622,35.5446445000,129.2558861667,-15.157,-2.950,-1,2,1.00,NONE
623,35.5446445000,129.2558881667,-14.975,-2.950,-1,2,1.00,NONE
624,35.5446435000,129.2558868333,-15.096,-3.061,-1,2,1.00,NONE
625,35.5446418333,129.2558863333,-15.141,-3.247,-1,2,1.00,NONE
626,35.5446405000,129.2558873333,-15.051,-3.395,-1,2,1.00,NONE
627,35.5446418333,129.2558868333,-15.096,-3.247,-1,2,1.00,NONE
628,35.5446433333,129.2558881667,-14.975,-3.080,-1,2,1.00,NONE
629,35.5446435000,129.2558900000,-14.809,-3.061,-1,2,1.00,NONE
630,35.5446421667,129.2558908333,-14.734,-3.210,-1,2,1.00,NONE
631,35.5446410000,129.2558900000,-14.809,-3.340,-1,2,1.00,NONE
632,35.5446385000,129.2558903333,-14.779,-3.618,-1,2,1.00,NONE
633,35.5446355000,129.2558911667,-14.704,-3.952,-1,2,1.00,NONE
634,35.5446338333,129.2558910000,-14.719,-4.137,-1,2,1.00,NONE
635,35.5446325000,129.2558913333,-14.689,-4.286,-1,2,1.00,NONE
636,35.5446308333,129.2558915000,-14.673,-4.471,-1,2,1.00,NONE
637,35.5446291667,129.2558918333,-14.643,-4.657,-1,2,1.00,NONE
638,35.5446271667,129.2558926667,-14.568,-4.880,-1,2,1.00,NONE
639,35.5446250000,129.2558928333,-14.553,-5.121,-1,2,1.00,NONE
640,35.5446230000,129.2558941667,-14.432,-5.343,-1,2,1.00,NONE
641,35.5446243333,129.2558951667,-14.341,-5.195,-1,2,1.00,NONE
642,35.5446255000,129.2558960000,-14.266,-5.065,-1,2,1.00,NONE
643,35.5446271667,129.2558966667,-14.205,-4.880,-1,2,1.00,NONE
644,35.5446285000,129.2558963333,-14.236,-4.731,-1,2,1.00,NONE
645,35.5446300000,129.2558968333,-14.190,-4.564,-1,2,1.00,NONE
646,35.5446285000,129.2558951667,-14.341,-4.731,-1,2,1.00,NONE
647,35.5446268333,129.2558945000,-14.402,-4.917,-1,2,1.00,NONE
648,35.5446248333,129.2558950000,-14.356,-5.139,-1,2,1.00,NONE
649,35.5446235000,129.2558958333,-14.281,-5.288,-1,2,1.00,NONE
650,35.5446223333,129.2558970000,-14.175,-5.418,-1,2,1.00,NONE
651,35.5446208333,129.2558976667,-14.115,-5.585,-1,2,1.00,NONE
652,35.5446191667,129.2558983333,-14.055,-5.770,-1,2,1.00,NONE
653,35.5446176667,129.2558988333,-14.009,-5.937,-1,2,1.00,NONE
654,35.5446150000,129.2558995000,-13.949,-6.234,-1,2,1.00,NONE
655,35.5446130000,129.2559000000,-13.904,-6.457,-1,2,1.00,NONE
656,35.5446111667,129.2559010000,-13.813,-6.661,-1,2,1.00,NONE
657,35.5446098333,129.2559018333,-13.737,-6.809,-1,2,1.00,NONE
658,35.5446085000,129.2559021667,-13.707,-6.957,-1,2,1.00,NONE
659,35.5446091667,129.2559040000,-13.541,-6.883,-1,2,1.00,NONE
660,35.5446085000,129.2559055000,-13.405,-6.957,-1,2,1.00,NONE
661,35.5446076667,129.2559073333,-13.239,-7.050,-1,2,1.00,NONE
662,35.5446078333,129.2559098333,-13.013,-7.032,-1,2,1.00,NONE
663,35.5446065000,129.2559108333,-12.922,-7.180,-1,2,1.00,NONE
664,35.5446046667,129.2559116667,-12.847,-7.384,-1,2,1.00,NONE
665,35.5446031667,129.2559115000,-12.862,-7.551,-1,2,1.00,NONE
666,35.5446036667,129.2559145000,-12.590,-7.496,-1,2,1.00,NONE
667,35.5446036667,129.2559161667,-12.439,-7.496,-1,2,1.00,NONE
668,35.5446041667,129.2559180000,-12.273,-7.440,-1,2,1.00,NONE
669,35.5446045000,129.2559205000,-12.047,-7.403,-1,2,1.00,NONE
670,35.5446045000,129.2559223333,-11.881,-7.403,-1,2,1.00,NONE
671,35.5446011667,129.2559243333,-11.700,-7.774,-1,2,1.00,NONE
672,35.5445990000,129.2559256667,-11.579,-8.015,-1,2,1.00,NONE
673,35.5445980000,129.2559278333,-11.382,-8.126,-1,2,1.00,NONE
674,35.5445976667,129.2559296667,-11.216,-8.163,-1,2,1.00,NONE
675,35.5445965000,129.2559278333,-11.382,-8.293,-1,2,1.00,NONE
676,35.5445975000,129.2559245000,-11.684,-8.182,-1,2,1.00,NONE
677,35.5445983333,129.2559230000,-11.820,-8.089,-1,2,1.00,NONE
678,35.5445961667,129.2559225000,-11.866,-8.330,-1,2,1.00,NONE
679,35.5445941667,129.2559215000,-11.956,-8.553,-1,2,1.00,NONE
680,35.5445926667,129.2559210000,-12.001,-8.720,-1,2,1.00,NONE
681,35.5445911667,129.2559198333,-12.107,-8.887,-1,2,1.00,NONE
682,35.5445896667,129.2559196667,-12.122,-9.054,-1,2,1.00,NONE
683,35.5445878333,129.2559188333,-12.198,-9.258,-1,2,1.00,NONE
684,35.5445910000,129.2559180000,-12.273,-8.906,-1,2,1.00,NONE
685,35.5445935000,129.2559185000,-12.228,-8.627,-1,2,1.00,NONE
686,35.5445953333,129.2559190000,-12.183,-8.423,-1,2,1.00,NONE
687,35.5445936667,129.2559193333,-12.152,-8.609,-1,2,1.00,NONE
688,35.5445926667,129.2559180000,-12.273,-8.720,-1,2,1.00,NONE
689,35.5445921667,129.2559161667,-12.439,-8.776,-1,2,1.00,NONE
690,35.5445910000,129.2559138333,-12.651,-8.906,-1,2,1.00,NONE
691,35.5445911667,129.2559120000,-12.817,-8.887,-1,2,1.00,NONE
692,35.5445891667,129.2559116667,-12.847,-9.110,-1,2,1.00,NONE
693,35.5445875000,129.2559116667,-12.847,-9.295,-1,2,1.00,NONE
694,35.5445848333,129.2559115000,-12.862,-9.592,-1,2,1.00,NONE
695,35.5445833333,129.2559110000,-12.907,-9.759,-1,2,1.00,NONE
696,35.5445848333,129.2559093333,-13.058,-9.592,-1,2,1.00,NONE
697,35.5445841667,129.2559078333,-13.194,-9.666,-1,2,1.00,NONE
698,35.5445826667,129.2559068333,-13.285,-9.833,-1,2,1.00,NONE
699,35.5445815000,129.2559058333,-13.375,-9.963,-1,2,1.00,NONE
700,35.5445793333,129.2559058333,-13.375,-10.204,-1,2,1.00,NONE
701,35.5445771667,129.2559060000,-13.360,-10.446,-1,2,1.00,NONE
702,35.5445773333,129.2559085000,-13.134,-10.427,-1,2,1.00,NONE
703,35.5445768333,129.2559111667,-12.892,-10.483,-1,2,1.00,NONE
704,35.5445765000,129.2559131667,-12.711,-10.520,-1,2,1.00,NONE
705,35.5445756667,129.2559145000,-12.590,-10.613,-1,2,1.00,NONE
706,35.5445760000,129.2559163333,-12.424,-10.575,-1,2,1.00,NONE
707,35.5445756667,129.2559183333,-12.243,-10.613,-1,2,1.00,NONE
708,35.5445738333,129.2559210000,-12.001,-10.817,-1,2,1.00,NONE
709,35.5445713333,129.2559235000,-11.775,-11.095,-1,2,1.00,NONE
710,35.5445696667,129.2559248333,-11.654,-11.280,-1,2,1.00,NONE
711,35.5445668333,129.2559261667,-11.533,-11.596,-1,2,1.00,NONE
712,35.5445650000,129.2559276667,-11.398,-11.800,-1,2,1.00,NONE
713,35.5445620000,129.2559280000,-11.367,-12.134,-1,2,1.00,NONE
714,35.5445603333,129.2559296667,-11.216,-12.319,-1,2,1.00,NONE
715,35.5445615000,129.2559315000,-11.050,-12.190,-1,2,1.00,NONE
716,35.5445603333,129.2559325000,-10.960,-12.319,-1,2,1.00,NONE
717,35.5445591667,129.2559338333,-10.839,-12.449,-1,2,1.00,NONE
718,35.5445553333,129.2559353333,-10.703,-12.876,-1,2,1.00,NONE
719,35.5445530000,129.2559360000,-10.643,-13.136,-1,2,1.00,NONE
720,35.5445493333,129.2559370000,-10.552,-13.544,-1,2,1.00,NONE
721,35.5445450000,129.2559390000,-10.371,-14.026,-1,2,1.00,NONE
722,35.5445393333,129.2559400000,-10.280,-14.657,-1,2,1.00,NONE
723,35.5445338333,129.2559411667,-10.175,-15.269,-1,2,1.00,NONE
724,35.5445316667,129.2559430000,-10.009,-15.511,-1,2,1.00,NONE
725,35.5445328333,129.2559441667,-9.903,-15.381,-1,2,1.00,NONE
726,35.5445361667,129.2559436667,-9.948,-15.010,-1,2,1.00,NONE
727,35.5445376667,129.2559440000,-9.918,-14.843,-1,2,1.00,NONE
728,35.5445411667,129.2559410000,-10.190,-14.453,-1,2,1.00,NONE
729,35.5445390000,129.2559420000,-10.099,-14.694,-1,2,1.00,NONE
730,35.5445378333,129.2559428333,-10.024,-14.824,-1,2,1.00,NONE
731,35.5445361667,129.2559421667,-10.084,-15.010,-1,2,1.00,NONE
732,35.5445346667,129.2559415000,-10.145,-15.177,-1,2,1.00,NONE
733,35.5445328333,129.2559413333,-10.160,-15.381,-1,2,1.00,NONE
734,35.5445306667,129.2559418333,-10.114,-15.622,-1,2,1.00,NONE
735,35.5445290000,129.2559415000,-10.145,-15.807,-1,2,1.00,NONE
736,35.5445270000,129.2559410000,-10.190,-16.030,-1,2,1.00,NONE
737,35.5445271667,129.2559386667,-10.401,-16.012,-1,2,1.00,NONE
738,35.5445241667,129.2559415000,-10.145,-16.345,-1,2,1.00,NONE
739,35.5445228333,129.2559435000,-9.963,-16.494,-1,2,1.00,NONE
740,35.5445218333,129.2559456667,-9.767,-16.605,-1,2,1.00,NONE
741,35.5445205000,129.2559476667,-9.586,-16.754,-1,2,1.00,NONE
742,35.5445186667,129.2559503333,-9.345,-16.958,-1,2,1.00,NONE
743,35.5445168333,129.2559521667,-9.178,-17.162,-1,2,1.00,NONE
744,35.5445210000,129.2559621667,-8.273,-16.698,-1,2,1.00,NONE
745,35.5445241667,129.2559708333,-7.488,-16.345,-1,2,1.00,NONE
746,35.5445263333,129.2559745000,-7.156,-16.104,-1,2,1.00,NONE
747,35.5445278333,129.2559718333,-7.397,-15.937,-1,2,1.00,NONE
748,35.5445236667,129.2559568333,-8.756,-16.401,-1,2,1.00,NONE
749,35.5445216667,129.2559500000,-9.375,-16.624,-1,2,1.00,NONE
750,35.5445210000,129.2559470000,-9.646,-16.698,-1,2,1.00,NONE
751,35.5445213333,129.2559438333,-9.933,-16.661,-1,2,1.00,NONE
752,35.5445216667,129.2559410000,-10.190,-16.624,-1,2,1.00,NONE
753,35.5445216667,129.2559378333,-10.477,-16.624,-1,2,1.00,NONE
754,35.5445226667,129.2559356667,-10.673,-16.512,-1,2,1.00,NONE
755,35.5445230000,129.2559338333,-10.839,-16.475,-1,2,1.00,NONE
756,35.5445248333,129.2559333333,-10.884,-16.271,-1,2,1.00,NONE
757,35.5445278333,129.2559335000,-10.869,-15.937,-1,2,1.00,NONE
758,35.5445358333,129.2559448333,-9.843,-15.047,-1,2,1.00,NONE
759,35.5445415000,129.2559391667,-10.356,-14.416,-1,2,1.00,NONE
760,35.5445416667,129.2559368333,-10.567,-14.397,-1,2,1.00,NONE
761,35.5445403333,129.2559356667,-10.673,-14.546,-1,2,1.00,NONE
762,35.5445380000,129.2559338333,-10.839,-14.806,-1,2,1.00,NONE
763,35.5445365000,129.2559326667,-10.945,-14.973,-1,2,1.00,NONE
764,35.5445350000,129.2559316667,-11.035,-15.140,-1,2,1.00,NONE
765,35.5445331667,129.2559313333,-11.065,-15.344,-1,2,1.00,NONE
766,35.5445311667,129.2559318333,-11.020,-15.566,-1,2,1.00,NONE
767,35.5445298333,129.2559315000,-11.050,-15.715,-1,2,1.00,NONE
768,35.5445283333,129.2559315000,-11.050,-15.882,-1,2,1.00,NONE
769,35.5445268333,129.2559315000,-11.050,-16.049,-1,2,1.00,NONE
770,35.5445263333,129.2559290000,-11.277,-16.104,-1,2,1.00,NONE
771,35.5445275000,129.2559270000,-11.458,-15.974,-1,2,1.00,NONE
772,35.5445291667,129.2559265000,-11.503,-15.789,-1,2,1.00,NONE
773,35.5445286667,129.2559243333,-11.700,-15.845,-1,2,1.00,NONE
774,35.5445271667,129.2559228333,-11.835,-16.012,-1,2,1.00,NONE
775,35.5445260000,129.2559206667,-12.032,-16.141,-1,2,1.00,NONE
776,35.5445298333,129.2559230000,-11.820,-15.715,-1,2,1.00,NONE
777,35.5445395000,129.2559250000,-11.639,-14.639,-1,2,1.00,NONE
778,35.5445288333,129.2559263333,-11.518,-15.826,-1,2,1.00,NONE
779,35.5445248333,129.2559338333,-10.839,-16.271,-1,2,1.00,NONE
780,35.5445273333,129.2559371667,-10.537,-15.993,-1,2,1.00,NONE
781,35.5445233333,129.2559346667,-10.764,-16.438,-1,2,1.00,NONE
782,35.5445203333,129.2559330000,-10.915,-16.772,-1,2,1.00,NONE
783,35.5445213333,129.2559365000,-10.597,-16.661,-1,2,1.00,NONE
784,35.5445218333,129.2559390000,-10.371,-16.605,-1,2,1.00,NONE
785,35.5445236667,129.2559421667,-10.084,-16.401,-1,2,1.00,NONE
786,35.5445241667,129.2559441667,-9.903,-16.345,-1,2,1.00,NONE
787,35.5445248333,129.2559478333,-9.571,-16.271,-1,2,1.00,NONE
788,35.5445250000,129.2559515000,-9.239,-16.253,-1,2,1.00,NONE
789,35.5445243333,129.2559541667,-8.997,-16.327,-1,2,1.00,NONE
790,35.5445240000,129.2559583333,-8.620,-16.364,-1,2,1.00,NONE
791,35.5445231667,129.2559623333,-8.258,-16.457,-1,2,1.00,NONE
792,35.5445225000,129.2559666667,-7.865,-16.531,-1,2,1.00,NONE
793,35.5445223333,129.2559703333,-7.533,-16.550,-1,2,1.00,NONE
794,35.5445396667,129.2559708333,-7.488,-14.620,-1,2,1.00,NONE
795,35.5445438333,129.2559746667,-7.140,-14.156,-1,2,1.00,NONE
796,35.5445458333,129.2559770000,-6.929,-13.934,-1,2,1.00,NONE
797,35.5445476667,129.2559791667,-6.733,-13.729,-1,2,1.00,NONE
798,35.5445493333,129.2559815000,-6.522,-13.544,-1,2,1.00,NONE
799,35.5445506667,129.2559836667,-6.325,-13.396,-1,2,1.00,NONE
800,35.5445518333,129.2559861667,-6.099,-13.266,-1,2,1.00,NONE
801,35.5445535000,129.2559885000,-5.887,-13.080,-1,2,1.00,NONE
802,35.5445548333,129.2559906667,-5.691,-12.932,-1,2,1.00,NONE
803,35.5445560000,129.2559926667,-5.510,-12.802,-1,2,1.00,NONE
804,35.5445600000,129.2559940000,-5.389,-12.357,-1,2,1.00,NONE
805,35.5445651667,129.2559940000,-5.389,-11.781,-1,2,1.00,NONE
806,35.5445673333,129.2559955000,-5.253,-11.540,-1,2,1.00,NONE
807,35.5445710000,129.2559966667,-5.148,-11.132,-1,2,1.00,NONE
808,35.5445741667,129.2559980000,-5.027,-10.779,-1,2,1.00,NONE
809,35.5445781667,129.2559988333,-4.952,-10.334,-1,2,1.00,NONE
810,35.5445820000,129.2559993333,-4.906,-9.907,-1,2,1.00,NONE
811,35.5445850000,129.2559995000,-4.891,-9.574,-1,2,1.00,NONE
812,35.5445876667,129.2560003333,-4.816,-9.277,-1,2,1.00,NONE
813,35.5445888333,129.2560025000,-4.619,-9.147,-1,2,1.00,NONE
814,35.5445950000,129.2560051667,-4.378,-8.460,-1,2,1.00,NONE
815,35.5446135000,129.2560105000,-3.895,-6.401,-1,2,1.00,NONE
816,35.5446273333,129.2559995000,-4.891,-4.861,-1,2,1.00,NONE
817,35.5446381667,129.2559908333,-5.676,-3.655,-1,2,1.00,NONE
818,35.5446451667,129.2559843333,-6.265,-2.876,-1,2,1.00,NONE
819,35.5446486667,129.2559803333,-6.627,-2.486,-1,2,1.00,NONE
820,35.5446471667,129.2559810000,-6.567,-2.653,-1,2,1.00,NONE
821,35.5446440000,129.2559801667,-6.642,-3.006,-1,2,1.00,NONE
822,35.5446451667,129.2559790000,-6.748,-2.876,-1,2,1.00,NONE
823,35.5446466667,129.2559773333,-6.899,-2.709,-1,2,1.00,NONE
824,35.5446478333,129.2559786667,-6.778,-2.579,-1,2,1.00,NONE
825,35.5446465000,129.2559793333,-6.718,-2.727,-1,2,1.00,NONE
826,35.5446450000,129.2559796667,-6.688,-2.894,-1,2,1.00,NONE
827,35.5446430000,129.2559820000,-6.476,-3.117,-1,2,1.00,NONE
828,35.5446418333,129.2559811667,-6.552,-3.247,-1,2,1.00,NONE
829,35.5446400000,129.2559805000,-6.612,-3.451,-1,2,1.00,NONE
830,35.5446411667,129.2559816667,-6.506,-3.321,-1,2,1.00,NONE
831,35.5446410000,129.2559835000,-6.340,-3.340,-1,2,1.00,NONE
832,35.5446413333,129.2559878333,-5.948,-3.302,-1,2,1.00,NONE
833,35.5446411667,129.2559938333,-5.404,-3.321,-1,2,1.00,NONE
834,35.5446371667,129.2559995000,-4.891,-3.766,-1,2,1.00,NONE
835,35.5446336667,129.2560063333,-4.272,-4.156,-1,2,1.00,NONE
836,35.5446308333,129.2560126667,-3.699,-4.471,-1,2,1.00,NONE
837,35.5446286667,129.2560168333,-3.321,-4.713,-1,2,1.00,NONE
838,35.5446271667,129.2560200000,-3.034,-4.880,-1,2,1.00,NONE
839,35.5446256667,129.2560238333,-2.687,-5.047,-1,2,1.00,NONE
840,35.5446230000,129.2560281667,-2.295,-5.343,-1,2,1.00,NONE
841,35.5446203333,129.2560318333,-1.962,-5.640,-1,2,1.00,NONE
842,35.5446191667,129.2560335000,-1.812,-5.770,-1,2,1.00,NONE
843,35.5446180000,129.2560348333,-1.691,-5.900,-1,2,1.00,NONE
844,35.5446181667,129.2560368333,-1.510,-5.881,-1,2,1.00,NONE
845,35.5446003333,129.2560403333,-1.193,-7.867,-1,2,1.00,NONE
846,35.5445888333,129.2560518333,-0.151,-9.147,-1,2,1.00,NONE
847,35.5445811667,129.2560588333,0.483,-10.000,-1,2,1.00,NONE
848,35.5445755000,129.2560636667,0.921,-10.631,-1,2,1.00,NONE
849,35.5445715000,129.2560671667,1.238,-11.076,-1,2,1.00,NONE
850,35.5445685000,129.2560696667,1.464,-11.410,-1,2,1.00,NONE
851,35.5445658333,129.2560715000,1.630,-11.707,-1,2,1.00,NONE
852,35.5445633333,129.2560731667,1.781,-11.985,-1,2,1.00,NONE
853,35.5445613333,129.2560745000,1.902,-12.208,-1,2,1.00,NONE
854,35.5445596667,129.2560756667,2.008,-12.394,-1,2,1.00,NONE
855,35.5445581667,129.2560766667,2.098,-12.561,-1,2,1.00,NONE
856,35.5445583333,129.2560785000,2.264,-12.542,-1,2,1.00,NONE
857,35.5445585000,129.2560810000,2.491,-12.524,-1,2,1.00,NONE
858,35.5445590000,129.2560826667,2.642,-12.468,-1,2,1.00,NONE
859,35.5445596667,129.2560843333,2.793,-12.394,-1,2,1.00,NONE
860,35.5445610000,129.2560838333,2.747,-12.245,-1,2,1.00,NONE
861,35.5445628333,129.2560825000,2.627,-12.041,-1,2,1.00,NONE
862,35.5445645000,129.2560813333,2.521,-11.856,-1,2,1.00,NONE
863,35.5445656667,129.2560805000,2.446,-11.726,-1,2,1.00,NONE
864,35.5445668333,129.2560795000,2.355,-11.596,-1,2,1.00,NONE
865,35.5445683333,129.2560783333,2.249,-11.429,-1,2,1.00,NONE
866,35.5445696667,129.2560773333,2.159,-11.280,-1,2,1.00,NONE
867,35.5445713333,129.2560761667,2.053,-11.095,-1,2,1.00,NONE
868,35.5445726667,129.2560753333,1.978,-10.946,-1,2,1.00,NONE
869,35.5445738333,129.2560745000,1.902,-10.817,-1,2,1.00,NONE
870,35.5445755000,129.2560735000,1.812,-10.631,-1,2,1.00,NONE
871,35.5445773333,129.2560726667,1.736,-10.427,-1,2,1.00,NONE
872,35.5445788333,129.2560718333,1.661,-10.260,-1,2,1.00,NONE
873,35.5445801667,129.2560711667,1.600,-10.112,-1,2,1.00,NONE
874,35.5445815000,129.2560706667,1.555,-9.963,-1,2,1.00,NONE
875,35.5445835000,129.2560698333,1.479,-9.740,-1,2,1.00,NONE
876,35.5445850000,129.2560693333,1.434,-9.574,-1,2,1.00,NONE
877,35.5445865000,129.2560688333,1.389,-9.407,-1,2,1.00,NONE
878,35.5445883333,129.2560683333,1.344,-9.202,-1,2,1.00,NONE
879,35.5445900000,129.2560678333,1.298,-9.017,-1,2,1.00,NONE
880,35.5445913333,129.2560675000,1.268,-8.868,-1,2,1.00,NONE
881,35.5445930000,129.2560670000,1.223,-8.683,-1,2,1.00,NONE
882,35.5445943333,129.2560666667,1.193,-8.535,-1,2,1.00,NONE
883,35.5445960000,129.2560658333,1.117,-8.349,-1,2,1.00,NONE
884,35.5445976667,129.2560651667,1.057,-8.163,-1,2,1.00,NONE
885,35.5445993333,129.2560643333,0.981,-7.978,-1,2,1.00,NONE
886,35.5446013333,129.2560633333,0.891,-7.755,-1,2,1.00,NONE
887,35.5446026667,129.2560626667,0.830,-7.607,-1,2,1.00,NONE
888,35.5446043333,129.2560618333,0.755,-7.421,-1,2,1.00,NONE
889,35.5446056667,129.2560611667,0.694,-7.273,-1,2,1.00,NONE
890,35.5446070000,129.2560600000,0.589,-7.124,-1,2,1.00,NONE
891,35.5446081667,129.2560588333,0.483,-6.995,-1,2,1.00,NONE
892,35.5446093333,129.2560578333,0.392,-6.865,-1,2,1.00,NONE
893,35.5446100000,129.2560570000,0.317,-6.791,-1,3,1.00,NONE
894,35.5446111667,129.2560561667,0.242,-6.661,-1,3,1.00,NONE
895,35.5446118333,129.2560546667,0.106,-6.586,-1,3,1.00,NONE
896,35.5446121667,129.2560530000,-0.045,-6.549,-1,3,1.00,NONE
897,35.5446121667,129.2560513333,-0.196,-6.549,-1,3,1.00,NONE
898,35.5446121667,129.2560496667,-0.347,-6.549,-1,3,1.00,NONE
899,35.5446116667,129.2560480000,-0.498,-6.605,-1,3,1.00,NONE
900,35.5446113333,129.2560475000,-0.543,-6.642,-1,3,2.00,NONE
901,35.5446106667,129.2560460000,-0.679,-6.716,-1,3,2.00,NONE
902,35.5446098333,129.2560445000,-0.815,-6.809,1,3,2.00,NONE
903,35.5446090000,129.2560430000,-0.951,-6.902,1,3,2.00,NONE
904,35.5446081667,129.2560416667,-1.072,-6.995,1,3,2.00,NONE
905,35.5446075000,129.2560398333,-1.238,-7.069,1,3,2.00,NONE
906,35.5446066667,129.2560383333,-1.374,-7.162,1,3,2.00,NONE
907,35.5446058333,129.2560368333,-1.510,-7.254,1,3,2.00,NONE
908,35.5446060000,129.2560346667,-1.706,-7.236,1,3,2.00,NONE
909,35.5446075000,129.2560338333,-1.781,-7.069,1,3,2.00,NONE
910,35.5446093333,129.2560340000,-1.766,-6.865,1,3,2.00,NONE
911,35.5446108333,129.2560351667,-1.661,-6.698,1,3,2.00,NONE
912,35.5446123333,129.2560351667,-1.661,-6.531,1,3,2.00,NONE
913,35.5446136667,129.2560361667,-1.570,-6.382,1,3,2.00,NONE
914,35.5446155000,129.2560365000,-1.540,-6.178,1,3,2.00,NONE
915,35.5446168333,129.2560370000,-1.495,-6.030,1,3,2.00,NONE
916,35.5446183333,129.2560373333,-1.464,-5.863,1,3,2.00,NONE
917,35.5446201667,129.2560378333,-1.419,-5.659,1,3,2.00,NONE
918,35.5446216667,129.2560390000,-1.313,-5.492,1,3,2.00,NONE
919,35.5446230000,129.2560398333,-1.238,-5.343,1,3,2.00,NONE
920,35.5446245000,129.2560411667,-1.117,-5.176,1,3,2.00,NONE
921,35.5446260000,129.2560430000,-0.951,-5.009,1,3,2.00,NONE
922,35.5446270000,129.2560448333,-0.785,-4.898,1,3,2.00,NONE
923,35.5446280000,129.2560468333,-0.604,-4.787,1,3,2.00,NONE
924,35.5446250000,129.2560475000,-0.543,-5.121,1,3,2.00,NONE
925,35.5446270000,129.2560450000,-0.770,-4.898,1,3,2.00,NONE
926,35.5446285000,129.2560451667,-0.755,-4.731,1,3,2.00,NONE
927,35.5446320000,129.2560450000,-0.770,-4.341,1,3,2.00,NONE
928,35.5446326667,129.2560468333,-0.604,-4.267,1,3,2.00,NONE
929,35.5446343333,129.2560475000,-0.543,-4.082,1,3,2.00,NONE
930,35.5446353333,129.2560490000,-0.408,-3.970,1,3,2.00,NONE
931,35.5446370000,129.2560488333,-0.423,-3.785,1,3,2.00,NONE
932,35.5446383333,129.2560480000,-0.498,-3.636,1,3,2.00,NONE
933,35.5446393333,129.2560491667,-0.392,-3.525,1,3,2.00,NONE
934,35.5446405000,129.2560508333,-0.242,-3.395,1,3,2.00,NONE
935,35.5446420000,129.2560511667,-0.211,-3.228,1,3,2.00,NONE
936,35.5446426667,129.2560526667,-0.075,-3.154,1,3,2.00,NONE
937,35.5446435000,129.2560540000,0.045,-3.061,1,3,2.00,NONE
938,35.5446443333,129.2560553333,0.166,-2.969,1,3,2.00,NONE
939,35.5446456667,129.2560558333,0.211,-2.820,1,3,2.00,NONE
940,35.5446470000,129.2560563333,0.257,-2.672,1,3,2.00,NONE
941,35.5446478333,129.2560578333,0.392,-2.579,1,3,2.00,NONE
942,35.5446471667,129.2560605000,0.634,-2.653,1,3,2.00,NONE
943,35.5446470000,129.2560641667,0.966,-2.672,1,3,2.00,NONE
944,35.5446471667,129.2560670000,1.223,-2.653,1,3,2.00,NONE
945,35.5446468333,129.2560705000,1.540,-2.690,1,3,2.00,NONE
946,35.5446465000,129.2560730000,1.766,-2.727,1,3,2.00,NONE
947,35.5446481667,129.2560755000,1.993,-2.542,1,3,2.00,NONE
948,35.5446486667,129.2560778333,2.204,-2.486,1,3,2.00,NONE
949,35.5446493333,129.2560808333,2.476,-2.412,1,3,2.00,NONE
950,35.5446510000,129.2560801667,2.415,-2.226,1,3,2.00,NONE
951,35.5446525000,129.2560813333,2.521,-2.059,1,3,2.00,NONE
952,35.5446536667,129.2560823333,2.612,-1.930,1,3,2.00,NONE
953,35.5446548333,129.2560838333,2.747,-1.800,1,3,2.00,NONE
954,35.5446560000,129.2560853333,2.883,-1.670,1,3,2.00,NONE
955,35.5446575000,129.2560871667,3.049,-1.503,1,3,2.00,NONE
956,35.5446583333,129.2560888333,3.200,-1.410,1,3,2.00,NONE
957,35.5446585000,129.2560906667,3.366,-1.392,1,3,2.00,NONE
958,35.5446596667,129.2560930000,3.578,-1.262,1,3,2.00,NONE
959,35.5446610000,129.2560955000,3.804,-1.113,1,3,2.00,NONE
960,35.5446626667,129.2560971667,3.955,-0.928,1,3,2.00,NONE
961,35.5446640000,129.2560983333,4.061,-0.779,1,3,2.00,NONE
962,35.5446648333,129.2561006667,4.272,-0.686,1,3,2.00,NONE
963,35.5446675000,129.2561023333,4.423,-0.390,1,3,2.00,NONE
964,35.5446688333,129.2561038333,4.559,-0.241,1,3,2.00,NONE
965,35.5446700000,129.2561051667,4.680,-0.111,1,3,2.00,NONE
966,35.5446700000,129.2561071667,4.861,-0.111,1,3,2.00,NONE
967,35.5446708333,129.2561090000,5.027,-0.019,1,3,2.00,NONE
968,35.5446710000,129.2561111667,5.223,0.000,1,3,2.00,NONE
969,35.5446720000,129.2561133333,5.420,0.111,1,3,2.00,NONE
970,35.5446720000,129.2561160000,5.661,0.111,1,3,2.00,NONE
971,35.5446725000,129.2561178333,5.827,0.167,1,3,2.00,NONE
972,35.5446736667,129.2561195000,5.978,0.297,1,3,2.00,NONE
973,35.5446751667,129.2561206667,6.084,0.464,1,3,2.00,NONE
974,35.5446765000,129.2561230000,6.295,0.612,1,3,2.00,NONE
975,35.5446783333,129.2561253333,6.506,0.816,1,3,2.00,NONE
976,35.5446798333,129.2561271667,6.672,0.983,1,3,2.00,NONE
977,35.5446808333,129.2561283333,6.778,1.095,1,3,2.00,NONE
978,35.5446823333,129.2561291667,6.854,1.262,1,3,2.00,NONE
979,35.5446831667,129.2561310000,7.020,1.354,1,3,2.00,NONE
980,35.5446843333,129.2561321667,7.125,1.484,1,3,2.00,NONE
981,35.5446855000,129.2561333333,7.231,1.614,1,3,2.00,NONE
982,35.5446866667,129.2561343333,7.322,1.744,1,3,2.00,NONE
983,35.5446880000,129.2561350000,7.382,1.892,1,3,2.00,NONE
984,35.5446851667,129.2561333333,7.231,1.577,1,3,2.00,NONE
985,35.5446830000,129.2561320000,7.110,1.336,1,3,2.00,NONE
986,35.5446818333,129.2561308333,7.005,1.206,1,3,2.00,NONE
987,35.5446806667,129.2561300000,6.929,1.076,1,3,2.00,NONE
988,35.5446795000,129.2561291667,6.854,0.946,1,3,2.00,NONE
989,35.5446805000,129.2561280000,6.748,1.058,1,3,2.00,NONE
