index,latitude,longitude,x_m,y_m,direction,mode,drive_level,event
0,35.5446746667,129.2561048333,0.000,0.000,1,1,2.00,NONE
1,35.5446750000,129.2561048333,0.000,0.037,1,1,1.00,NONE
2,35.5446743333,129.2561033333,-0.136,-0.037,1,1,1.00,NONE
3,35.5446736667,129.2561018333,-0.272,-0.111,1,1,1.00,NONE
4,35.5446730000,129.2561003333,-0.408,-0.186,1,1,1.00,NONE
5,35.5446725000,129.2560986667,-0.559,-0.241,1,1,1.00,NONE
6,35.5446715000,129.2560968333,-0.725,-0.353,1,1,1.00,NONE
7,35.5446710000,129.2560951667,-0.876,-0.408,1,1,1.00,NONE
8,35.5446698333,129.2560940000,-0.981,-0.538,1,1,1.00,NONE
9,35.5446691667,129.2560925000,-1.117,-0.612,1,1,1.00,NONE
10,35.5446683333,129.2560910000,-1.253,-0.705,1,1,1.00,NONE
11,35.5446678333,129.2560893333,-1.404,-0.761,1,1,1.00,NONE
12,35.5446671667,129.2560876667,-1.555,-0.835,1,1,1.00,NONE
13,35.5446663333,129.2560861667,-1.691,-0.928,1,1,1.00,NONE
14,35.5446656667,129.2560846667,-1.827,-1.002,1,1,1.00,NONE
15,35.5446648333,129.2560830000,-1.978,-1.095,1,1,1.00,NONE
16,35.5446638333,129.2560813333,-2.129,-1.206,1,1,1.00,NONE
17,35.5446635000,129.2560796667,-2.280,-1.243,1,1,1.00,NONE
18,35.5446630000,129.2560776667,-2.461,-1.299,1,1,1.00,NONE
19,35.5446628333,129.2560758333,-2.627,-1.317,1,1,1.00,NONE
20,35.5446618333,129.2560746667,-2.732,-1.429,1,1,1.00,NONE
21,35.5446615000,129.2560725000,-2.929,-1.466,1,1,1.00,NONE
22,35.5446613333,129.2560708333,-3.080,-1.484,1,1,1.00,NONE
23,35.5446608333,129.2560691667,-3.231,-1.540,1,1,1.00,NONE
24,35.5446601667,129.2560675000,-3.382,-1.614,1,1,1.00,NONE
25,35.5446593333,129.2560656667,-3.548,-1.707,1,1,1.00,NONE
26,35.5446588333,129.2560635000,-3.744,-1.763,1,1,1.00,NONE
27,35.5446586667,129.2560616667,-3.910,-1.781,1,1,1.00,NONE
28,35.5446580000,129.2560600000,-4.061,-1.855,1,1,1.00,NONE
29,35.5446580000,129.2560581667,-4.227,-1.855,1,1,1.00,NONE
30,35.5446573333,129.2560563333,-4.393,-1.930,1,1,1.00,NONE
31,35.5446566667,129.2560548333,-4.529,-2.004,1,1,1.00,NONE
32,35.5446566667,129.2560531667,-4.680,-2.004,1,1,1.00,NONE
33,35.5446561667,129.2560513333,-4.846,-2.059,1,1,1.00,NONE
34,35.5446555000,129.2560495000,-5.012,-2.134,1,1,1.00,NONE
35,35.5446553333,129.2560478333,-5.163,-2.152,1,1,1.00,NONE
36,35.5446546667,129.2560463333,-5.299,-2.226,1,1,1.00,NONE
37,35.5446545000,129.2560446667,-5.450,-2.245,1,1,1.00,NONE
38,35.5446548333,129.2560430000,-5.601,-2.208,1,1,1.00,NONE
39,35.5446541667,129.2560415000,-5.737,-2.282,1,1,1.00,NONE
40,35.5446535000,129.2560400000,-5.872,-2.356,1,1,1.00,NONE
41,35.5446533333,129.2560381667,-6.038,-2.375,1,1,1.00,NONE
42,35.5446528333,129.2560363333,-6.205,-2.430,1,1,1.00,NONE
43,35.5446525000,129.2560345000,-6.371,-2.468,1,1,1.00,NONE
44,35.5446521667,129.2560328333,-6.522,-2.505,1,1,1.00,NONE
45,35.5446528333,129.2560310000,-6.688,-2.430,1,1,1.00,NONE
46,35.5446521667,129.2560286667,-6.899,-2.505,1,1,1.00,NONE
47,35.5446516667,129.2560268333,-7.065,-2.560,1,1,1.00,NONE
48,35.5446511667,129.2560250000,-7.231,-2.616,1,1,1.00,NONE
49,35.5446506667,129.2560230000,-7.412,-2.672,1,1,1.00,NONE
50,35.5446500000,129.2560215000,-7.548,-2.746,1,1,1.00,NONE
51,35.5446498333,129.2560198333,-7.699,-2.764,1,1,1.00,NONE
52,35.5446493333,129.2560181667,-7.850,-2.820,1,1,1.00,NONE
53,35.5446505000,129.2560173333,-7.925,-2.690,1,1,1.00,NONE
54,35.5446505000,129.2560173333,-7.925,-2.690,1,2,1.00,NONE
55,35.5446508333,129.2560171667,-7.941,-2.653,1,2,3.00,NONE
56,35.5446503333,129.2560155000,-8.092,-2.709,1,2,3.00,NONE
57,35.5446496667,129.2560140000,-8.227,-2.783,1,2,3.00,NONE
58,35.5446491667,129.2560120000,-8.409,-2.839,1,2,3.00,NONE
59,35.5446488333,129.2560098333,-8.605,-2.876,1,2,3.00,NONE
60,35.5446490000,129.2560076667,-8.801,-2.857,1,2,3.00,NONE
61,35.5446486667,129.2560056667,-8.982,-2.894,1,2,3.00,NONE
62,35.5446480000,129.2560035000,-9.178,-2.969,1,2,3.00,NONE
63,35.5446466667,129.2560025000,-9.269,-3.117,1,2,3.00,NONE
64,35.5446456667,129.2560008333,-9.420,-3.228,1,2,3.00,NONE
65,35.5446453333,129.2559988333,-9.601,-3.265,1,2,3.00,NONE
66,35.5446448333,129.2559968333,-9.782,-3.321,1,2,3.00,NONE
67,35.5446441667,129.2559950000,-9.948,-3.395,1,2,3.00,NONE
68,35.5446436667,129.2559933333,-10.099,-3.451,1,2,3.00,NONE
69,35.5446430000,129.2559918333,-10.235,-3.525,1,2,3.00,NONE
70,35.5446426667,129.2559895000,-10.447,-3.562,1,2,3.00,NONE
71,35.5446418333,129.2559875000,-10.628,-3.655,1,2,3.00,NONE
72,35.5446410000,129.2559851667,-10.839,-3.748,1,2,3.00,NONE
73,35.5446400000,129.2559823333,-11.096,-3.859,1,2,3.00,NONE
74,35.5446388333,129.2559798333,-11.322,-3.989,1,2,3.00,NONE
75,35.5446380000,129.2559770000,-11.579,-4.082,1,2,3.00,NONE
76,35.5446373333,129.2559738333,-11.866,-4.156,1,2,3.00,NONE
77,35.5446371667,129.2559721667,-12.017,-4.174,1,2,3.00,NONE
78,35.5446370000,129.2559703333,-12.183,-4.193,1,2,3.00,NONE
79,35.5446360000,129.2559670000,-12.485,-4.304,1,2,3.00,NONE
80,35.5446350000,129.2559638333,-12.771,-4.416,1,2,3.00,NONE
81,35.5446338333,129.2559608333,-13.043,-4.546,1,2,3.00,NONE
82,35.5446331667,129.2559593333,-13.179,-4.620,1,2,3.00,NONE
83,35.5446328333,129.2559576667,-13.330,-4.657,1,2,3.00,NONE
84,35.5446320000,129.2559560000,-13.481,-4.750,1,2,3.00,NONE
85,35.5446315000,129.2559543333,-13.632,-4.805,1,2,3.00,NONE
86,35.5446308333,129.2559528333,-13.768,-4.880,1,2,3.00,NONE
87,35.5446303333,129.2559510000,-13.934,-4.935,1,2,3.00,NONE
88,35.5446296667,129.2559493333,-14.085,-5.009,1,2,3.00,NONE
89,35.5446293333,129.2559476667,-14.236,-5.047,1,2,3.00,NONE
90,35.5446286667,129.2559461667,-14.372,-5.121,1,2,3.00,NONE
91,35.5446281667,129.2559443333,-14.538,-5.176,1,2,3.00,NONE
92,35.5446275000,129.2559426667,-14.689,-5.251,1,2,3.00,NONE
93,35.5446266667,129.2559396667,-14.960,-5.343,1,2,3.00,NONE
94,35.5446260000,129.2559381667,-15.096,-5.418,1,2,3.00,NONE
95,35.5446251667,129.2559353333,-15.353,-5.510,1,2,3.00,NONE
96,35.5446248333,129.2559328333,-15.579,-5.547,1,2,3.00,NONE
97,35.5446241667,129.2559298333,-15.851,-5.622,1,2,3.00,NONE
98,35.5446231667,129.2559270000,-16.108,-5.733,1,2,3.00,NONE
99,35.5446225000,129.2559255000,-16.243,-5.807,1,2,3.00,NONE
100,35.5446220000,129.2559238333,-16.394,-5.863,1,2,3.00,NONE
101,35.5446211667,129.2559206667,-16.681,-5.956,1,2,3.00,NONE
102,35.5446203333,129.2559175000,-16.968,-6.048,1,2,3.00,NONE
103,35.5446195000,129.2559145000,-17.240,-6.141,1,2,3.00,NONE
104,35.5446195000,129.2559126667,-17.406,-6.141,1,2,3.00,NONE
105,35.5446188333,129.2559111667,-17.542,-6.215,1,2,3.00,NONE
106,35.5446185000,129.2559095000,-17.693,-6.252,1,2,3.00,NONE
107,35.5446175000,129.2559066667,-17.949,-6.364,1,2,3.00,NONE
108,35.5446165000,129.2559035000,-18.236,-6.475,1,2,3.00,NONE
109,35.5446156667,129.2559005000,-18.508,-6.568,1,2,3.00,NONE
110,35.5446151667,129.2558986667,-18.674,-6.624,1,2,3.00,NONE
111,35.5446141667,129.2558956667,-18.946,-6.735,1,2,3.00,NONE
112,35.5446138333,129.2558938333,-19.112,-6.772,1,2,3.00,NONE
113,35.5446125000,129.2558908333,-19.383,-6.920,1,2,3.00,NONE
114,35.5446121667,129.2558890000,-19.550,-6.957,1,2,3.00,NONE
115,35.5446113333,129.2558858333,-19.836,-7.050,1,2,3.00,NONE
116,35.5446101667,129.2558825000,-20.138,-7.180,1,2,3.00,NONE
117,35.5446098333,129.2558806667,-20.304,-7.217,1,2,3.00,NONE
118,35.5446088333,129.2558773333,-20.606,-7.329,1,2,3.00,NONE
119,35.5446083333,129.2558756667,-20.757,-7.384,1,2,3.00,NONE
120,35.5446076667,129.2558740000,-20.908,-7.458,1,2,3.00,NONE
121,35.5446068333,129.2558725000,-21.044,-7.551,1,2,3.00,NONE
122,35.5446065000,129.2558703333,-21.240,-7.588,1,2,3.00,NONE
123,35.5446061667,129.2558685000,-21.406,-7.625,1,2,3.00,NONE
124,35.5446053333,129.2558670000,-21.542,-7.718,1,2,3.00,NONE
125,35.5446048333,129.2558651667,-21.708,-7.774,1,2,3.00,NONE
126,35.5446038333,129.2558620000,-21.995,-7.885,1,2,3.00,NONE
127,35.5446033333,129.2558603333,-22.146,-7.941,1,2,3.00,NONE
128,35.5446028333,129.2558585000,-22.312,-7.996,1,2,3.00,NONE
129,35.5446016667,129.2558553333,-22.599,-8.126,1,2,3.00,NONE
130,35.5446011667,129.2558536667,-22.750,-8.182,1,2,3.00,NONE
131,35.5446006667,129.2558520000,-22.901,-8.238,1,2,3.00,NONE
132,35.5446003333,129.2558501667,-23.067,-8.275,1,2,3.00,NONE
133,35.5445990000,129.2558468333,-23.369,-8.423,1,2,3.00,NONE
134,35.5445986667,129.2558450000,-23.535,-8.460,1,2,3.00,NONE
135,35.5445981667,129.2558433333,-23.686,-8.516,1,2,3.00,NONE
136,35.5445973333,129.2558401667,-23.973,-8.609,1,2,3.00,NONE
137,35.5445968333,129.2558385000,-24.124,-8.664,1,2,3.00,NONE
138,35.5445961667,129.2558368333,-24.275,-8.739,1,2,3.00,NONE
139,35.5445955000,129.2558353333,-24.410,-8.813,1,2,3.00,NONE
140,35.5445951667,129.2558336667,-24.561,-8.850,1,2,3.00,NONE
141,35.5445943333,129.2558318333,-24.727,-8.943,1,2,3.00,NONE
142,35.5445936667,129.2558303333,-24.863,-9.017,1,2,3.00,NONE
143,35.5445930000,129.2558286667,-25.014,-9.091,1,2,3.00,NONE
144,35.5445921667,129.2558270000,-25.165,-9.184,1,2,3.00,NONE
145,35.5445918333,129.2558253333,-25.316,-9.221,1,2,3.00,NONE
146,35.5445913333,129.2558235000,-25.482,-9.277,1,2,3.00,NONE
147,35.5445910000,129.2558218333,-25.633,-9.314,1,2,3.00,NONE
148,35.5445903333,129.2558201667,-25.784,-9.388,1,2,3.00,NONE
149,35.5445896667,129.2558186667,-25.920,-9.462,1,2,3.00,NONE
150,35.5445888333,129.2558153333,-26.222,-9.555,1,2,3.00,NONE
151,35.5445888333,129.2558136667,-26.373,-9.555,1,2,3.00,NONE
152,35.5445880000,129.2558120000,-26.524,-9.648,1,2,3.00,NONE
153,35.5445873333,129.2558090000,-26.796,-9.722,1,2,3.00,NONE
154,35.5445866667,129.2558073333,-26.947,-9.796,1,2,3.00,NONE
155,35.5445865000,129.2558056667,-27.098,-9.815,1,2,3.00,NONE
156,35.5445856667,129.2558041667,-27.233,-9.907,1,2,3.00,NONE
157,35.5445850000,129.2558013333,-27.490,-9.982,1,2,3.00,NONE
158,35.5445838333,129.2557983333,-27.762,-10.112,1,2,3.00,NONE
159,35.5445836667,129.2557966667,-27.913,-10.130,1,2,3.00,NONE
160,35.5445828333,129.2557935000,-28.200,-10.223,1,2,3.00,NONE
161,35.5445818333,129.2557901667,-28.502,-10.334,1,2,3.00,NONE
162,35.5445813333,129.2557885000,-28.652,-10.390,1,2,3.00,NONE
163,35.5445811667,129.2557868333,-28.803,-10.408,1,2,3.00,NONE
164,35.5445808333,129.2557851667,-28.954,-10.446,1,2,3.00,NONE
165,35.5445801667,129.2557835000,-29.105,-10.520,1,2,3.00,NONE
166,35.5445796667,129.2557805000,-29.377,-10.575,1,2,3.00,NONE
167,35.5445790000,129.2557786667,-29.543,-10.650,1,2,3.00,NONE
168,35.5445780000,129.2557758333,-29.800,-10.761,1,2,3.00,NONE
169,35.5445773333,129.2557741667,-29.951,-10.835,1,2,3.00,NONE
170,35.5445771667,129.2557725000,-30.102,-10.854,1,2,3.00,NONE
171,35.5445766667,129.2557693333,-30.389,-10.909,1,2,3.00,NONE
172,35.5445755000,129.2557666667,-30.630,-11.039,1,2,3.00,NONE
173,35.5445741667,129.2557646667,-30.811,-11.188,1,2,3.00,NONE
174,35.5445736667,129.2557630000,-30.962,-11.243,1,2,3.00,NONE
175,35.5445731667,129.2557613333,-31.113,-11.299,1,2,3.00,NONE
176,35.5445728333,129.2557593333,-31.294,-11.336,1,2,3.00,NONE
177,35.5445723333,129.2557576667,-31.445,-11.392,1,2,3.00,NONE
178,35.5445718333,129.2557556667,-31.626,-11.447,1,2,3.00,NONE
179,35.5445711667,129.2557540000,-31.777,-11.522,1,2,3.00,NONE
180,35.5445708333,129.2557523333,-31.928,-11.559,1,2,3.00,NONE
181,35.5445700000,129.2557506667,-32.079,-11.651,1,2,3.00,NONE
182,35.5445695000,129.2557490000,-32.230,-11.707,1,2,3.00,NONE
183,35.5445691667,129.2557465000,-32.457,-11.744,1,2,3.00,NONE
184,35.5445683333,129.2557441667,-32.668,-11.837,1,2,3.00,NONE
185,35.5445675000,129.2557425000,-32.819,-11.930,1,2,3.00,NONE
186,35.5445670000,129.2557408333,-32.970,-11.985,1,2,3.00,NONE
187,35.5445668333,129.2557391667,-33.121,-12.004,1,2,3.00,NONE
188,35.5445660000,129.2557371667,-33.302,-12.097,1,2,3.00,NONE
189,35.5445651667,129.2557355000,-33.453,-12.190,1,2,3.00,NONE
190,35.5445648333,129.2557338333,-33.604,-12.227,1,2,3.00,NONE
191,35.5445641667,129.2557321667,-33.755,-12.301,1,2,3.00,NONE
192,35.5445636667,129.2557305000,-33.906,-12.357,1,2,3.00,NONE
193,35.5445631667,129.2557286667,-34.072,-12.412,1,2,3.00,NONE
194,35.5445626667,129.2557265000,-34.268,-12.468,1,2,3.00,NONE
195,35.5445623333,129.2557248333,-34.419,-12.505,1,2,3.00,NONE
196,35.5445615000,129.2557230000,-34.585,-12.598,1,2,3.00,NONE
197,35.5445610000,129.2557210000,-34.766,-12.653,1,2,3.00,NONE
198,35.5445600000,129.2557195000,-34.902,-12.765,1,2,3.00,NONE
199,35.5445586667,129.2557178333,-35.053,-12.913,1,2,3.00,NONE
200,35.5445578333,129.2557158333,-35.234,-13.006,1,2,3.00,NONE
201,35.5445570000,129.2557136667,-35.431,-13.099,1,2,3.00,NONE
202,35.5445563333,129.2557116667,-35.612,-13.173,1,2,3.00,NONE
203,35.5445558333,129.2557095000,-35.808,-13.229,1,2,3.00,NONE
204,35.5445546667,129.2557073333,-36.004,-13.358,1,2,3.00,NONE
205,35.5445536667,129.2557046667,-36.246,-13.470,1,2,3.00,NONE
206,35.5445530000,129.2557020000,-36.487,-13.544,1,2,3.00,NONE
207,35.5445526667,129.2556991667,-36.744,-13.581,1,2,3.00,NONE
208,35.5445513333,129.2556963333,-37.001,-13.729,1,2,3.00,NONE
209,35.5445508333,129.2556930000,-37.303,-13.785,1,2,3.00,NONE
210,35.5445501667,129.2556915000,-37.438,-13.859,1,2,3.00,NONE
211,35.5445493333,129.2556883333,-37.725,-13.952,1,2,3.00,NONE
212,35.5445488333,129.2556851667,-38.012,-14.008,1,2,3.00,NONE
213,35.5445486667,129.2556831667,-38.193,-14.026,1,2,3.00,NONE
214,35.5445480000,129.2556805000,-38.435,-14.101,1,2,3.00,NONE
215,35.5445471667,129.2556775000,-38.707,-14.193,1,2,3.00,NONE
216,35.5445465000,129.2556748333,-38.948,-14.268,1,2,3.00,NONE
217,35.5445458333,129.2556720000,-39.205,-14.342,1,2,3.00,NONE
218,35.5445455000,129.2556690000,-39.476,-14.379,1,2,3.00,NONE
219,35.5445448333,129.2556675000,-39.612,-14.453,1,2,3.00,NONE
220,35.5445450000,129.2556658333,-39.763,-14.434,1,2,3.00,NONE
221,35.5445445000,129.2556641667,-39.914,-14.490,1,2,3.00,NONE
222,35.5445445000,129.2556621667,-40.095,-14.490,1,2,3.00,NONE
223,35.5445446667,129.2556588333,-40.397,-14.472,1,2,3.00,NONE
224,35.5445438333,129.2556560000,-40.654,-14.564,1,2,3.00,NONE
225,35.5445436667,129.2556535000,-40.880,-14.583,1,2,3.00,NONE
226,35.5445435000,129.2556508333,-41.122,-14.601,1,2,3.00,NONE
227,35.5445433333,129.2556476667,-41.409,-14.620,1,2,3.00,NONE
228,35.5445425000,129.2556446667,-41.680,-14.713,1,2,3.00,NONE
229,35.5445418333,129.2556418333,-41.937,-14.787,1,2,3.00,NONE
230,35.5445410000,129.2556403333,-42.073,-14.880,1,2,3.00,NONE
231,35.5445408333,129.2556386667,-42.224,-14.898,1,2,3.00,NONE
232,35.5445400000,129.2556370000,-42.375,-14.991,1,2,3.00,NONE
233,35.5445396667,129.2556353333,-42.526,-15.028,1,2,3.00,NONE
234,35.5445390000,129.2556338333,-42.662,-15.102,1,2,3.00,NONE
235,35.5445380000,129.2556325000,-42.782,-15.214,1,2,3.00,NONE
236,35.5445366667,129.2556311667,-42.903,-15.362,1,2,3.00,NONE
237,35.5445358333,129.2556296667,-43.039,-15.455,1,2,3.00,NONE
238,35.5445348333,129.2556271667,-43.266,-15.566,1,2,3.00,NONE
239,35.5445316667,129.2556226667,-43.673,-15.919,1,2,3.00,NONE
240,35.5445303333,129.2556208333,-43.839,-16.067,1,2,3.00,NONE
241,35.5445291667,129.2556193333,-43.975,-16.197,1,2,3.00,NONE
242,35.5445280000,129.2556180000,-44.096,-16.327,1,2,3.00,NONE
243,35.5445270000,129.2556168333,-44.202,-16.438,1,2,3.00,NONE
244,35.5445258333,129.2556155000,-44.322,-16.568,1,2,3.00,NONE
245,35.5445248333,129.2556141667,-44.443,-16.679,1,2,3.00,NONE
246,35.5445236667,129.2556130000,-44.549,-16.809,1,2,3.00,NONE
247,35.5445225000,129.2556116667,-44.670,-16.939,1,2,3.00,NONE
248,35.5445211667,129.2556105000,-44.775,-17.088,1,2,3.00,NONE
249,35.5445200000,129.2556091667,-44.896,-17.217,1,2,3.00,NONE
250,35.5445180000,129.2556070000,-45.092,-17.440,1,2,3.00,NONE
251,35.5445168333,129.2556058333,-45.198,-17.570,1,2,3.00,NONE
252,35.5445151667,129.2556040000,-45.364,-17.756,1,2,3.00,NONE
253,35.5445141667,129.2556026667,-45.485,-17.867,1,2,3.00,NONE
254,35.5445120000,129.2556026667,-45.485,-18.108,1,2,3.00,NONE
255,35.5445106667,129.2556035000,-45.409,-18.256,1,2,3.00,NONE
256,35.5445093333,129.2556041667,-45.349,-18.405,1,2,3.00,NONE
257,35.5445083333,129.2556043333,-45.334,-18.516,1,2,1.00,NONE
258,35.5445080000,129.2556046667,-45.304,-18.553,1,3,1.00,NONE
259,35.5445091667,129.2556038333,-45.379,-18.423,1,3,1.00,NONE
260,35.5445105000,129.2556035000,-45.409,-18.275,1,3,1.00,NONE
261,35.5445091667,129.2556030000,-45.455,-18.423,1,3,1.00,NONE
262,35.5445080000,129.2556018333,-45.560,-18.553,1,3,1.00,NONE
263,35.5445068333,129.2556008333,-45.651,-18.683,1,3,1.00,NONE
264,35.5445058333,129.2555996667,-45.756,-18.795,1,3,1.00,NONE
265,35.5445050000,129.2555981667,-45.892,-18.887,1,3,1.00,NONE
266,35.5445040000,129.2555968333,-46.013,-18.999,1,3,1.00,NONE
267,35.5445028333,129.2555953333,-46.149,-19.128,1,3,1.00,NONE
268,35.5445020000,129.2555940000,-46.270,-19.221,1,3,1.00,NONE
269,35.5445013333,129.2555925000,-46.406,-19.295,1,3,1.00,NONE
270,35.5445006667,129.2555908333,-46.557,-19.370,1,3,1.00,NONE
271,35.5445005000,129.2555891667,-46.707,-19.388,1,3,1.00,NONE
272,35.5445005000,129.2555871667,-46.889,-19.388,1,3,1.00,NONE
273,35.5445003333,129.2555851667,-47.070,-19.407,1,3,1.00,NONE
274,35.5445003333,129.2555831667,-47.251,-19.407,1,3,1.00,NONE
275,35.5445001667,129.2555815000,-47.402,-19.425,1,3,1.00,NONE
276,35.5444998333,129.2555798333,-47.553,-19.462,1,3,1.00,NONE
277,35.5445001667,129.2555780000,-47.719,-19.425,1,3,1.00,NONE
278,35.5445005000,129.2555761667,-47.885,-19.388,1,3,1.00,NONE
279,35.5445008333,129.2555743333,-48.051,-19.351,1,3,1.00,NONE
280,35.5445013333,129.2555726667,-48.202,-19.295,1,3,1.00,NONE
281,35.5445013333,129.2555706667,-48.383,-19.295,1,3,1.00,NONE
282,35.5445011667,129.2555688333,-48.549,-19.314,1,3,1.00,NONE
283,35.5445013333,129.2555668333,-48.730,-19.295,1,3,1.00,NONE
284,35.5445011667,129.2555651667,-48.881,-19.314,1,3,1.00,NONE
285,35.5445013333,129.2555633333,-49.047,-19.295,1,3,1.00,NONE
286,35.5445013333,129.2555615000,-49.213,-19.295,1,3,1.00,NONE
287,35.5445011667,129.2555598333,-49.364,-19.314,1,3,1.00,NONE
288,35.5445013333,129.2555581667,-49.515,-19.295,1,3,1.00,NONE
289,35.5445008333,129.2555561667,-49.697,-19.351,1,3,1.00,NONE
290,35.5445000000,129.2555545000,-49.847,-19.444,1,3,1.00,NONE
291,35.5444993333,129.2555523333,-50.044,-19.518,1,3,1.00,NONE
292,35.5444986667,129.2555503333,-50.225,-19.592,1,3,1.00,NONE
293,35.5444980000,129.2555488333,-50.361,-19.667,1,3,1.00,NONE
294,35.5444971667,129.2555471667,-50.512,-19.759,1,3,1.00,NONE
295,35.5444963333,129.2555455000,-50.663,-19.852,1,3,1.00,NONE
296,35.5444955000,129.2555438333,-50.814,-19.945,1,3,1.00,NONE
297,35.5444946667,129.2555423333,-50.950,-20.038,1,3,1.00,NONE
298,35.5444940000,129.2555406667,-51.100,-20.112,1,3,1.00,NONE
299,35.5444933333,129.2555391667,-51.236,-20.186,1,3,1.00,NONE
300,35.5444926667,129.2555373333,-51.402,-20.260,1,3,1.00,NONE
301,35.5444921667,129.2555351667,-51.599,-20.316,1,3,1.00,NONE
302,35.5444915000,129.2555331667,-51.780,-20.390,1,3,1.00,NONE
303,35.5444906667,129.2555315000,-51.931,-20.483,1,3,1.00,NONE
304,35.5444896667,129.2555301667,-52.052,-20.594,1,3,1.00,NONE
305,35.5444890000,129.2555285000,-52.202,-20.668,1,3,1.00,NONE
306,35.5444880000,129.2555271667,-52.323,-20.780,1,3,1.00,NONE
307,35.5444871667,129.2555255000,-52.474,-20.872,1,3,1.00,NONE
308,35.5444863333,129.2555240000,-52.610,-20.965,1,3,1.00,NONE
309,35.5444858333,129.2555221667,-52.776,-21.021,1,3,1.00,NONE
310,35.5444851667,129.2555206667,-52.912,-21.095,1,3,1.00,NONE
311,35.5444845000,129.2555186667,-53.093,-21.169,1,3,1.00,NONE
312,35.5444841667,129.2555170000,-53.244,-21.206,1,3,1.00,NONE
313,35.5444838333,129.2555150000,-53.425,-21.244,1,3,1.00,NONE
314,35.5444833333,129.2555130000,-53.606,-21.299,1,3,1.00,NONE
315,35.5444828333,129.2555113333,-53.757,-21.355,1,3,1.00,NONE
316,35.5444820000,129.2555096667,-53.908,-21.448,1,3,1.00,NONE
317,35.5444815000,129.2555080000,-54.059,-21.503,1,3,1.00,NONE
318,35.5444811667,129.2555063333,-54.210,-21.540,1,3,1.00,NONE
319,35.5444810000,129.2555046667,-54.361,-21.559,1,3,1.00,NONE
320,35.5444810000,129.2555030000,-54.512,-21.559,1,3,1.00,NONE
321,35.5444806667,129.2555011667,-54.678,-21.596,1,3,1.00,NONE
322,35.5444803333,129.2554995000,-54.829,-21.633,1,3,1.00,NONE
323,35.5444800000,129.2554978333,-54.980,-21.670,1,3,1.00,NONE
324,35.5444791667,129.2554961667,-55.131,-21.763,1,3,1.00,NONE
325,35.5444785000,129.2554941667,-55.312,-21.837,1,3,1.00,NONE
326,35.5444778333,129.2554923333,-55.478,-21.911,1,3,1.00,NONE
327,35.5444773333,129.2554903333,-55.660,-21.967,1,3,1.00,NONE
328,35.5444770000,129.2554886667,-55.810,-22.004,1,3,1.00,NONE
329,35.5444766667,129.2554870000,-55.961,-22.041,1,3,1.00,NONE
330,35.5444760000,129.2554855000,-56.097,-22.116,1,3,1.00,NONE
331,35.5444753333,129.2554838333,-56.248,-22.190,1,3,1.00,NONE
332,35.5444751667,129.2554820000,-56.414,-22.208,1,3,1.00,NONE
333,35.5444753333,129.2554801667,-56.580,-22.190,1,3,1.00,NONE
334,35.5444748333,129.2554780000,-56.777,-22.245,1,3,1.00,NONE
335,35.5444745000,129.2554763333,-56.928,-22.283,1,3,1.00,NONE
336,35.5444743333,129.2554746667,-57.079,-22.301,1,3,1.00,NONE
337,35.5444741667,129.2554726667,-57.260,-22.320,1,3,1.00,NONE
338,35.5444736667,129.2554708333,-57.426,-22.375,1,3,1.00,NONE
339,35.5444733333,129.2554691667,-57.577,-22.412,1,3,1.00,NONE
340,35.5444720000,129.2554686667,-57.622,-22.561,1,3,1.00,NONE
341,35.5444708333,129.2554693333,-57.562,-22.691,1,4,1.00,NONE
342,35.5444705000,129.2554675000,-57.728,-22.728,1,4,1.00,NONE
343,35.5444703333,129.2554658333,-57.879,-22.746,1,4,1.00,NONE
344,35.5444698333,129.2554638333,-58.060,-22.802,1,4,1.00,NONE
345,35.5444696667,129.2554616667,-58.256,-22.821,1,4,1.00,NONE
346,35.5444693333,129.2554598333,-58.422,-22.858,1,4,1.00,NONE
347,35.5444693333,129.2554580000,-58.588,-22.858,1,4,1.00,NONE
348,35.5444696667,129.2554560000,-58.769,-22.821,1,4,1.00,NONE
349,35.5444696667,129.2554543333,-58.920,-22.821,1,4,1.00,NONE
350,35.5444700000,129.2554523333,-59.101,-22.783,1,4,1.00,NONE
351,35.5444701667,129.2554506667,-59.252,-22.765,1,4,1.00,NONE
352,35.5444703333,129.2554490000,-59.403,-22.746,1,4,1.00,NONE
353,35.5444710000,129.2554475000,-59.539,-22.672,1,4,1.00,NONE
354,35.5444715000,129.2554455000,-59.720,-22.617,1,4,1.00,NONE
355,35.5444720000,129.2554438333,-59.871,-22.561,1,4,1.00,NONE
356,35.5444726667,129.2554418333,-60.052,-22.487,1,4,1.00,NONE
357,35.5444730000,129.2554401667,-60.203,-22.450,1,4,1.00,NONE
358,35.5444738333,129.2554383333,-60.370,-22.357,1,4,1.00,NONE
359,35.5444746667,129.2554368333,-60.505,-22.264,1,4,1.00,NONE
360,35.5444755000,129.2554355000,-60.626,-22.171,1,4,1.00,NONE
361,35.5444765000,129.2554338333,-60.777,-22.060,1,4,1.00,NONE
362,35.5444773333,129.2554325000,-60.898,-21.967,1,4,1.00,NONE
363,35.5444783333,129.2554310000,-61.034,-21.856,1,4,1.00,NONE
364,35.5444791667,129.2554295000,-61.170,-21.763,1,4,1.00,NONE
365,35.5444803333,129.2554278333,-61.321,-21.633,1,4,1.00,NONE
366,35.5444813333,129.2554265000,-61.441,-21.522,1,4,1.00,NONE
367,35.5444823333,129.2554253333,-61.547,-21.411,1,4,1.00,NONE
368,35.5444833333,129.2554241667,-61.653,-21.299,1,4,1.00,NONE
369,35.5444843333,129.2554230000,-61.758,-21.188,1,4,1.00,NONE
370,35.5444858333,129.2554216667,-61.879,-21.021,1,4,1.00,NONE
371,35.5444870000,129.2554205000,-61.985,-20.891,1,4,1.00,NONE
372,35.5444881667,129.2554193333,-62.090,-20.761,1,4,1.00,NONE
373,35.5444893333,129.2554183333,-62.181,-20.631,1,4,1.00,NONE
374,35.5444906667,129.2554171667,-62.287,-20.483,1,4,1.00,NONE
375,35.5444920000,129.2554161667,-62.377,-20.334,1,4,1.00,NONE
376,35.5444931667,129.2554150000,-62.483,-20.205,1,4,1.00,NONE
377,35.5444943333,129.2554141667,-62.558,-20.075,1,4,1.00,NONE
378,35.5444955000,129.2554133333,-62.634,-19.945,1,4,1.00,NONE
379,35.5444966667,129.2554125000,-62.709,-19.815,1,4,1.00,NONE
380,35.5444981667,129.2554111667,-62.830,-19.648,1,4,1.00,NONE
381,35.5444995000,129.2554100000,-62.936,-19.500,1,4,1.00,NONE
382,35.5445008333,129.2554091667,-63.011,-19.351,1,4,1.00,NONE
383,35.5445018333,129.2554080000,-63.117,-19.240,1,4,1.00,NONE
384,35.5445033333,129.2554066667,-63.238,-19.073,1,4,1.00,NONE
385,35.5445048333,129.2554055000,-63.343,-18.906,1,4,1.00,NONE
386,35.5445061667,129.2554045000,-63.434,-18.757,1,4,1.00,NONE
387,35.5445073333,129.2554035000,-63.525,-18.628,1,4,1.00,NONE
388,35.5445086667,129.2554025000,-63.615,-18.479,1,4,1.00,NONE
389,35.5445100000,129.2554013333,-63.721,-18.331,1,4,1.00,NONE
390,35.5445113333,129.2554005000,-63.796,-18.182,1,4,1.00,NONE
391,35.5445126667,129.2553998333,-63.857,-18.034,1,4,1.00,NONE
392,35.5445140000,129.2553988333,-63.947,-17.885,1,4,1.00,NONE
393,35.5445155000,129.2553976667,-64.053,-17.718,1,4,1.00,NONE
394,35.5445168333,129.2553968333,-64.128,-17.570,1,4,1.00,NONE
395,35.5445180000,129.2553958333,-64.219,-17.440,1,4,1.00,NONE
396,35.5445193333,129.2553951667,-64.279,-17.292,1,4,1.00,NONE
397,35.5445205000,129.2553943333,-64.355,-17.162,1,4,1.00,NONE
398,35.5445220000,129.2553936667,-64.415,-16.995,1,4,1.00,NONE
399,35.5445235000,129.2553930000,-64.476,-16.828,1,4,1.00,NONE
400,35.5445246667,129.2553921667,-64.551,-16.698,1,4,1.00,NONE
401,35.5445260000,129.2553916667,-64.596,-16.550,1,4,1.00,NONE
402,35.5445273333,129.2553905000,-64.702,-16.401,1,4,1.00,NONE
403,35.5445286667,129.2553896667,-64.778,-16.253,1,4,1.00,NONE
404,35.5445301667,129.2553888333,-64.853,-16.086,1,4,1.00,NONE
405,35.5445316667,129.2553881667,-64.913,-15.919,1,4,1.00,NONE
406,35.5445331667,129.2553873333,-64.989,-15.752,1,4,1.00,NONE
407,35.5445343333,129.2553863333,-65.080,-15.622,1,4,1.00,NONE
408,35.5445356667,129.2553855000,-65.155,-15.473,1,4,1.00,NONE
409,35.5445373333,129.2553846667,-65.230,-15.288,1,4,1.00,NONE
410,35.5445385000,129.2553836667,-65.321,-15.158,1,4,1.00,NONE
411,35.5445398333,129.2553831667,-65.366,-15.010,1,4,1.00,NONE
412,35.5445411667,129.2553825000,-65.427,-14.861,1,4,1.00,NONE
413,35.5445426667,129.2553818333,-65.487,-14.694,1,4,1.00,NONE
414,35.5445443333,129.2553811667,-65.547,-14.509,1,4,1.00,NONE
415,35.5445455000,129.2553801667,-65.638,-14.379,1,4,1.00,NONE
416,35.5445468333,129.2553798333,-65.668,-14.230,1,4,1.00,NONE
417,35.5445481667,129.2553791667,-65.729,-14.082,1,4,1.00,NONE
418,35.5445498333,129.2553785000,-65.789,-13.896,1,4,1.00,NONE
419,35.5445511667,129.2553780000,-65.834,-13.748,1,4,1.00,NONE
420,35.5445528333,129.2553775000,-65.880,-13.562,1,4,1.00,NONE
421,35.5445543333,129.2553770000,-65.925,-13.396,1,4,1.00,NONE
422,35.5445560000,129.2553766667,-65.955,-13.210,1,4,1.00,NONE
423,35.5445573333,129.2553760000,-66.015,-13.062,1,4,1.00,NONE
424,35.5445588333,129.2553756667,-66.046,-12.895,1,4,1.00,NONE
425,35.5445603333,129.2553753333,-66.076,-12.728,1,4,1.00,NONE
426,35.5445616667,129.2553746667,-66.136,-12.579,1,4,1.00,NONE
427,35.5445631667,129.2553740000,-66.197,-12.412,1,4,1.00,NONE
428,35.5445645000,129.2553735000,-66.242,-12.264,1,4,1.00,NONE
429,35.5445658333,129.2553731667,-66.272,-12.115,1,4,1.00,NONE
430,35.5445675000,129.2553726667,-66.317,-11.930,1,4,1.00,NONE
431,35.5445688333,129.2553721667,-66.363,-11.781,1,4,1.00,NONE
432,35.5445703333,129.2553713333,-66.438,-11.614,1,4,1.00,NONE
433,35.5445718333,129.2553706667,-66.499,-11.447,1,4,1.00,NONE
434,35.5445731667,129.2553701667,-66.544,-11.299,1,4,1.00,NONE
435,35.5445746667,129.2553695000,-66.604,-11.132,1,4,1.00,NONE
436,35.5445760000,129.2553688333,-66.665,-10.984,1,4,1.00,NONE
437,35.5445775000,129.2553680000,-66.740,-10.817,1,4,1.00,NONE
438,35.5445790000,129.2553673333,-66.800,-10.650,1,4,1.00,NONE
439,35.5445801667,129.2553665000,-66.876,-10.520,1,4,1.00,NONE
440,35.5445813333,129.2553653333,-66.982,-10.390,1,4,1.00,NONE
441,35.5445826667,129.2553646667,-67.042,-10.241,1,4,1.00,NONE
442,35.5445840000,129.2553636667,-67.133,-10.093,1,4,1.00,NONE
443,35.5445853333,129.2553630000,-67.193,-9.945,1,4,1.00,NONE
444,35.5445866667,129.2553618333,-67.299,-9.796,1,4,1.00,NONE
445,35.5445881667,129.2553615000,-67.329,-9.629,1,4,1.00,NONE
446,35.5445895000,129.2553606667,-67.404,-9.481,1,4,1.00,NONE
447,35.5445906667,129.2553598333,-67.480,-9.351,1,4,1.00,NONE
448,35.5445923333,129.2553590000,-67.555,-9.165,1,4,1.00,NONE
449,35.5445938333,129.2553581667,-67.631,-8.998,1,4,1.00,NONE
450,35.5445953333,129.2553573333,-67.706,-8.831,1,4,1.00,NONE
451,35.5445966667,129.2553570000,-67.736,-8.683,1,4,1.00,NONE
452,35.5445983333,129.2553565000,-67.782,-8.497,1,4,1.00,NONE
453,35.5446000000,129.2553560000,-67.827,-8.312,1,4,1.00,NONE
454,35.5446016667,129.2553555000,-67.872,-8.126,1,4,1.00,NONE
455,35.5446030000,129.2553546667,-67.948,-7.978,1,4,1.00,NONE
456,35.5446045000,129.2553541667,-67.993,-7.811,1,4,1.00,NONE
457,35.5446058333,129.2553536667,-68.038,-7.663,1,4,1.00,NONE
458,35.5446076667,129.2553531667,-68.084,-7.458,1,4,1.00,NONE
459,35.5446091667,129.2553526667,-68.129,-7.291,1,4,1.00,NONE
460,35.5446105000,129.2553520000,-68.189,-7.143,1,4,1.00,NONE
461,35.5446118333,129.2553516667,-68.220,-6.995,1,4,1.00,NONE
462,35.5446133333,129.2553508333,-68.295,-6.828,1,4,1.00,NONE
463,35.5446146667,129.2553498333,-68.386,-6.679,1,4,1.00,NONE
464,35.5446160000,129.2553488333,-68.476,-6.531,1,4,1.00,NONE
465,35.5446175000,129.2553481667,-68.537,-6.364,1,4,1.00,NONE
466,35.5446188333,129.2553476667,-68.582,-6.215,1,4,1.00,NONE
467,35.5446201667,129.2553470000,-68.642,-6.067,1,4,1.00,NONE
468,35.5446215000,129.2553463333,-68.703,-5.919,1,4,1.00,NONE
469,35.5446231667,129.2553456667,-68.763,-5.733,1,4,1.00,NONE
470,35.5446246667,129.2553448333,-68.838,-5.566,1,4,1.00,NONE
471,35.5446263333,129.2553445000,-68.869,-5.380,1,4,1.00,NONE
472,35.5446278333,129.2553440000,-68.914,-5.213,1,4,1.00,NONE
473,35.5446295000,129.2553435000,-68.959,-5.028,1,4,1.00,NONE
474,35.5446308333,129.2553426667,-69.035,-4.880,1,4,1.00,NONE
475,35.5446323333,129.2553420000,-69.095,-4.713,1,4,1.00,NONE
476,35.5446336667,129.2553411667,-69.171,-4.564,1,4,1.00,NONE
477,35.5446348333,129.2553401667,-69.261,-4.434,1,4,1.00,NONE
478,35.5446361667,129.2553395000,-69.322,-4.286,1,4,1.00,NONE
479,35.5446378333,129.2553388333,-69.382,-4.100,1,4,1.00,NONE
480,35.5446391667,129.2553385000,-69.412,-3.952,1,4,1.00,NONE
481,35.5446406667,129.2553380000,-69.457,-3.785,1,4,1.00,NONE
482,35.5446418333,129.2553371667,-69.533,-3.655,1,4,1.00,NONE
483,35.5446430000,129.2553361667,-69.623,-3.525,1,4,1.00,NONE
484,35.5446443333,129.2553355000,-69.684,-3.377,1,4,1.00,NONE
485,35.5446456667,129.2553351667,-69.714,-3.228,1,4,1.00,NONE
486,35.5446470000,129.2553346667,-69.759,-3.080,1,4,1.00,NONE
487,35.5446485000,129.2553341667,-69.805,-2.913,1,4,1.00,NONE
488,35.5446498333,129.2553335000,-69.865,-2.764,1,4,1.00,NONE
489,35.5446513333,129.2553330000,-69.910,-2.597,1,4,1.00,NONE
490,35.5446525000,129.2553321667,-69.986,-2.468,1,4,1.00,NONE
491,35.5446538333,129.2553313333,-70.061,-2.319,1,4,1.00,NONE
492,35.5446551667,129.2553308333,-70.107,-2.171,1,4,1.00,NONE
493,35.5446566667,129.2553298333,-70.197,-2.004,1,4,1.00,NONE
494,35.5446581667,129.2553291667,-70.257,-1.837,1,4,1.00,NONE
495,35.5446596667,129.2553283333,-70.333,-1.670,1,4,1.00,NONE
496,35.5446610000,129.2553275000,-70.408,-1.521,1,4,1.00,NONE
497,35.5446625000,129.2553265000,-70.499,-1.354,1,4,1.00,NONE
498,35.5446638333,129.2553258333,-70.559,-1.206,1,4,1.00,NONE
499,35.5446650000,129.2553250000,-70.635,-1.076,1,4,1.00,NONE
500,35.5446663333,129.2553243333,-70.695,-0.928,1,4,1.00,NONE
501,35.5446676667,129.2553235000,-70.771,-0.779,1,4,1.00,NONE
502,35.5446690000,129.2553226667,-70.846,-0.631,1,4,1.00,NONE
503,35.5446701667,129.2553218333,-70.922,-0.501,1,4,1.00,NONE
504,35.5446716667,129.2553210000,-70.997,-0.334,1,4,1.00,NONE
505,35.5446730000,129.2553201667,-71.073,-0.186,1,4,1.00,NONE
506,35.5446745000,129.2553195000,-71.133,-0.019,1,4,1.00,NONE
507,35.5446758333,129.2553190000,-71.178,0.130,1,4,1.00,NONE
508,35.5446775000,129.2553185000,-71.224,0.315,1,4,1.00,NONE
509,35.5446790000,129.2553175000,-71.314,0.482,1,4,1.00,NONE
510,35.5446803333,129.2553171667,-71.344,0.631,1,4,1.00,NONE
511,35.5446818333,129.2553166667,-71.390,0.798,1,4,1.00,NONE
512,35.5446831667,129.2553161667,-71.435,0.946,1,4,1.00,NONE
513,35.5446845000,129.2553156667,-71.480,1.095,1,4,1.00,NONE
514,35.5446860000,129.2553155000,-71.495,1.262,1,4,1.00,NONE
515,35.5446875000,129.2553146667,-71.571,1.429,1,4,1.00,NONE
516,35.5446888333,129.2553140000,-71.631,1.577,1,4,1.00,NONE
517,35.5446901667,129.2553131667,-71.707,1.725,1,4,1.00,NONE
518,35.5446915000,129.2553121667,-71.797,1.874,1,4,1.00,NONE
519,35.5446928333,129.2553116667,-71.843,2.022,1,4,1.00,NONE
520,35.5446941667,129.2553106667,-71.933,2.171,1,4,1.00,NONE
521,35.5446956667,129.2553100000,-71.994,2.338,1,4,1.00,NONE
522,35.5446973333,129.2553093333,-72.054,2.523,1,4,1.00,NONE
523,35.5446988333,129.2553085000,-72.129,2.690,1,4,1.00,NONE
524,35.5447003333,129.2553076667,-72.205,2.857,1,4,1.00,NONE
525,35.5447020000,129.2553070000,-72.265,3.043,1,4,1.00,NONE
526,35.5447035000,129.2553065000,-72.311,3.210,1,4,1.00,NONE
527,35.5447050000,129.2553060000,-72.356,3.377,1,4,1.00,NONE
528,35.5447063333,129.2553053333,-72.416,3.525,1,4,1.00,NONE
529,35.5447078333,129.2553048333,-72.462,3.692,1,4,1.00,NONE
530,35.5447091667,129.2553041667,-72.522,3.841,1,4,1.00,NONE
531,35.5447105000,129.2553036667,-72.567,3.989,1,4,1.00,NONE
532,35.5447116667,129.2553028333,-72.643,4.119,1,4,1.00,NONE
533,35.5447123333,129.2553023333,-72.688,4.193,1,4,2.00,NONE
534,35.5447135000,129.2553013333,-72.779,4.323,1,4,2.00,NONE
535,35.5447146667,129.2553003333,-72.869,4.453,1,4,2.00,NONE
536,35.5447156667,129.2552995000,-72.945,4.564,1,5,2.00,NONE
537,35.5447168333,129.2552986667,-73.020,4.694,1,5,2.00,NONE
538,35.5447183333,129.2552980000,-73.080,4.861,1,5,2.00,NONE
539,35.5447196667,129.2552973333,-73.141,5.009,1,5,2.00,NONE
540,35.5447213333,129.2552965000,-73.216,5.195,1,5,2.00,NONE
541,35.5447226667,129.2552961667,-73.247,5.343,1,5,2.00,NONE
542,35.5447243333,129.2552956667,-73.292,5.529,1,5,2.00,NONE
543,35.5447256667,129.2552951667,-73.337,5.677,1,5,2.00,NONE
544,35.5447270000,129.2552946667,-73.382,5.826,1,5,2.00,NONE
545,35.5447283333,129.2552943333,-73.413,5.974,1,5,2.00,NONE
546,35.5447300000,129.2552936667,-73.473,6.160,1,5,2.00,NONE
547,35.5447316667,129.2552931667,-73.518,6.345,1,5,2.00,NONE
548,35.5447331667,129.2552925000,-73.579,6.512,1,5,2.00,NONE
549,35.5447348333,129.2552916667,-73.654,6.698,1,5,2.00,NONE
550,35.5447365000,129.2552910000,-73.715,6.883,1,5,2.00,NONE
551,35.5447383333,129.2552905000,-73.760,7.087,1,5,2.00,NONE
552,35.5447400000,129.2552896667,-73.835,7.273,1,5,2.00,NONE
553,35.5447416667,129.2552890000,-73.896,7.458,1,5,2.00,NONE
554,35.5447433333,129.2552883333,-73.956,7.644,1,5,2.00,NONE
555,35.5447448333,129.2552876667,-74.016,7.811,1,5,2.00,NONE
556,35.5447465000,129.2552871667,-74.062,7.996,1,5,2.00,NONE
557,35.5447480000,129.2552865000,-74.122,8.163,1,5,2.00,NONE
558,35.5447496667,129.2552860000,-74.167,8.349,1,5,2.00,NONE
559,35.5447511667,129.2552856667,-74.198,8.516,1,5,2.00,NONE
560,35.5447530000,129.2552853333,-74.228,8.720,1,5,2.00,NONE
561,35.5447545000,129.2552851667,-74.243,8.887,1,5,2.00,NONE
562,35.5447560000,129.2552846667,-74.288,9.054,1,5,2.00,NONE
563,35.5447575000,129.2552845000,-74.303,9.221,1,5,2.00,NONE
564,35.5447588333,129.2552841667,-74.333,9.369,1,5,2.00,NONE
565,35.5447606667,129.2552840000,-74.349,9.574,1,5,2.00,NONE
566,35.5447625000,129.2552840000,-74.349,9.778,1,5,2.00,NONE
567,35.5447640000,129.2552838333,-74.364,9.945,1,5,2.00,NONE
568,35.5447655000,129.2552838333,-74.364,10.112,1,5,2.00,NONE
569,35.5447671667,129.2552840000,-74.349,10.297,1,5,2.00,NONE
570,35.5447688333,129.2552841667,-74.333,10.483,1,5,2.00,NONE
571,35.5447703333,129.2552848333,-74.273,10.650,1,5,2.00,NONE
572,35.5447716667,129.2552851667,-74.243,10.798,1,5,2.00,NONE
573,35.5447731667,129.2552858333,-74.182,10.965,1,5,2.00,NONE
574,35.5447750000,129.2552866667,-74.107,11.169,1,5,2.00,NONE
575,35.5447766667,129.2552876667,-74.016,11.355,1,5,2.00,NONE
576,35.5447781667,129.2552888333,-73.911,11.522,1,5,2.00,NONE
577,35.5447798333,129.2552900000,-73.805,11.707,1,5,2.00,NONE
578,35.5447811667,129.2552915000,-73.669,11.856,1,5,2.00,NONE
579,35.5447823333,129.2552931667,-73.518,11.985,1,5,2.00,NONE
580,35.5447835000,129.2552950000,-73.352,12.115,1,5,2.00,NONE
581,35.5447846667,129.2552968333,-73.186,12.245,1,5,2.00,NONE
582,35.5447856667,129.2552988333,-73.005,12.357,1,5,2.00,NONE
583,35.5447866667,129.2553008333,-72.824,12.468,1,5,2.00,NONE
584,35.5447876667,129.2553023333,-72.688,12.579,1,5,2.00,NONE
585,35.5447885000,129.2553041667,-72.522,12.672,1,5,2.00,NONE
586,35.5447893333,129.2553056667,-72.386,12.765,1,5,2.00,NONE
587,35.5447900000,129.2553073333,-72.235,12.839,1,5,2.00,NONE
588,35.5447908333,129.2553086667,-72.114,12.932,1,5,2.00,NONE
589,35.5447918333,129.2553108333,-71.918,13.043,1,5,2.00,NONE
590,35.5447926667,129.2553125000,-71.767,13.136,1,5,2.00,NONE
591,35.5447948333,129.2553331667,-69.895,13.377,1,5,2.00,NONE
592,35.5447956667,129.2553351667,-69.714,13.470,1,5,2.00,NONE
593,35.5447963333,129.2553373333,-69.518,13.544,1,5,2.00,NONE
594,35.5447970000,129.2553391667,-69.352,13.618,1,5,2.00,NONE
595,35.5447978333,129.2553413333,-69.155,13.711,1,5,2.00,NONE
596,35.5447983333,129.2553436667,-68.944,13.767,1,5,2.00,NONE
597,35.5447985000,129.2553455000,-68.778,13.785,1,5,2.00,NONE
598,35.5447990000,129.2553476667,-68.582,13.841,1,5,2.00,NONE
599,35.5447995000,129.2553496667,-68.401,13.896,1,5,2.00,NONE
600,35.5447998333,129.2553516667,-68.220,13.934,1,5,2.00,NONE
601,35.5448001667,129.2553535000,-68.053,13.971,1,5,2.00,NONE
602,35.5448006667,129.2553555000,-67.872,14.026,1,5,2.00,NONE
603,35.5448015000,129.2553578333,-67.661,14.119,1,5,2.00,NONE
604,35.5448021667,129.2553598333,-67.480,14.193,1,5,2.00,NONE
605,35.5448030000,129.2553618333,-67.299,14.286,1,5,2.00,NONE
606,35.5448038333,129.2553638333,-67.117,14.379,1,5,2.00,NONE
607,35.5448048333,129.2553660000,-66.921,14.490,1,5,2.00,NONE
608,35.5448058333,129.2553680000,-66.740,14.601,1,5,2.00,NONE
609,35.5448065000,129.2553698333,-66.574,14.676,1,5,2.00,NONE
610,35.5448073333,129.2553716667,-66.408,14.768,1,5,2.00,NONE
611,35.5448080000,129.2553736667,-66.227,14.843,1,5,2.00,NONE
612,35.5448088333,129.2553758333,-66.031,14.935,1,5,2.00,NONE
613,35.5448096667,129.2553780000,-65.834,15.028,1,5,2.00,NONE
614,35.5448105000,129.2553801667,-65.638,15.121,1,5,2.00,NONE
615,35.5448111667,129.2553825000,-65.427,15.195,1,5,2.00,NONE
616,35.5448120000,129.2553846667,-65.230,15.288,1,5,2.00,NONE
617,35.5448126667,129.2553866667,-65.049,15.362,1,5,2.00,NONE
618,35.5448130000,129.2553883333,-64.898,15.399,1,5,2.00,NONE
619,35.5448135000,129.2553900000,-64.747,15.455,1,5,2.00,NONE
620,35.5448141667,129.2553920000,-64.566,15.529,1,5,2.00,NONE
621,35.5448146667,129.2553936667,-64.415,15.585,1,5,2.00,NONE
622,35.5448153333,129.2553955000,-64.249,15.659,1,5,2.00,NONE
623,35.5448158333,129.2553976667,-64.053,15.715,1,5,2.00,NONE
624,35.5448165000,129.2553998333,-63.857,15.789,1,5,2.00,NONE
625,35.5448170000,129.2554021667,-63.645,15.845,1,5,2.00,NONE
626,35.5448175000,129.2554038333,-63.494,15.900,1,5,2.00,NONE
627,35.5448180000,129.2554056667,-63.328,15.956,1,5,2.00,NONE
628,35.5448186667,129.2554078333,-63.132,16.030,1,5,2.00,NONE
629,35.5448191667,129.2554100000,-62.936,16.086,1,5,2.00,NONE
630,35.5448200000,129.2554121667,-62.740,16.179,1,5,2.00,NONE
631,35.5448206667,129.2554145000,-62.528,16.253,1,5,2.00,NONE
632,35.5448211667,129.2554168333,-62.317,16.308,1,5,2.00,NONE
633,35.5448218333,129.2554190000,-62.121,16.383,1,5,2.00,NONE
634,35.5448225000,129.2554213333,-61.909,16.457,1,5,2.00,NONE
635,35.5448231667,129.2554236667,-61.698,16.531,1,5,2.00,NONE
636,35.5448238333,129.2554260000,-61.487,16.605,1,5,2.00,NONE
637,35.5448245000,129.2554280000,-61.305,16.679,1,5,2.00,NONE
638,35.5448251667,129.2554303333,-61.094,16.754,1,5,2.00,NONE
639,35.5448258333,129.2554323333,-60.913,16.828,1,5,2.00,NONE
640,35.5448263333,129.2554343333,-60.732,16.884,1,5,2.00,NONE
641,35.5448271667,129.2554366667,-60.520,16.976,1,5,2.00,NONE
642,35.5448278333,129.2554390000,-60.309,17.051,1,5,2.00,NONE
643,35.5448283333,129.2554413333,-60.098,17.106,1,5,2.00,NONE
644,35.5448291667,129.2554435000,-59.902,17.199,1,5,2.00,NONE
645,35.5448300000,129.2554456667,-59.705,17.292,1,5,2.00,NONE
646,35.5448306667,129.2554480000,-59.494,17.366,1,5,2.00,NONE
647,35.5448315000,129.2554503333,-59.283,17.459,1,5,2.00,NONE
648,35.5448323333,129.2554525000,-59.086,17.551,1,5,2.00,NONE
649,35.5448330000,129.2554546667,-58.890,17.626,1,5,2.00,NONE
650,35.5448338333,129.2554566667,-58.709,17.718,1,5,2.00,NONE
651,35.5448343333,129.2554583333,-58.558,17.774,1,5,2.00,NONE
652,35.5448350000,129.2554598333,-58.422,17.848,1,5,2.00,NONE
653,35.5448358333,129.2554621667,-58.211,17.941,1,5,2.00,NONE
654,35.5448365000,129.2554636667,-58.075,18.015,1,5,2.00,NONE
655,35.5448368333,129.2554653333,-57.924,18.052,1,5,2.00,NONE
656,35.5448375000,129.2554670000,-57.773,18.127,1,5,2.00,NONE
657,35.5448381667,129.2554685000,-57.637,18.201,1,5,2.00,NONE
658,35.5448388333,129.2554703333,-57.471,18.275,1,5,2.00,NONE
659,35.5448396667,129.2554723333,-57.290,18.368,1,5,2.00,NONE
660,35.5448405000,129.2554745000,-57.094,18.461,1,5,2.00,NONE
661,35.5448413333,129.2554766667,-56.897,18.553,1,5,2.00,NONE
662,35.5448423333,129.2554788333,-56.701,18.665,1,5,2.00,NONE
663,35.5448431667,129.2554810000,-56.505,18.757,1,5,2.00,NONE
664,35.5448441667,129.2554833333,-56.294,18.869,1,5,2.00,NONE
665,35.5448450000,129.2554855000,-56.097,18.962,1,5,2.00,NONE
666,35.5448458333,129.2554873333,-55.931,19.054,1,5,2.00,NONE
667,35.5448466667,129.2554893333,-55.750,19.147,1,5,2.00,NONE
668,35.5448475000,129.2554913333,-55.569,19.240,1,5,2.00,NONE
669,35.5448485000,129.2554933333,-55.388,19.351,1,5,2.00,NONE
670,35.5448493333,129.2554955000,-55.192,19.444,1,5,2.00,NONE
671,35.5448501667,129.2554976667,-54.995,19.537,1,5,2.00,NONE
672,35.5448508333,129.2555000000,-54.784,19.611,1,5,2.00,NONE
673,35.5448516667,129.2555021667,-54.588,19.704,1,5,2.00,NONE
674,35.5448523333,129.2555041667,-54.407,19.778,1,5,2.00,NONE
675,35.5448528333,129.2555060000,-54.240,19.834,1,5,2.00,NONE
676,35.5448535000,129.2555078333,-54.074,19.908,1,5,2.00,NONE
677,35.5448541667,129.2555100000,-53.878,19.982,1,5,2.00,NONE
678,35.5448548333,129.2555121667,-53.682,20.056,1,5,2.00,NONE
679,35.5448555000,129.2555143333,-53.486,20.130,1,5,2.00,NONE
680,35.5448560000,129.2555163333,-53.305,20.186,1,5,2.00,NONE
681,35.5448568333,129.2555186667,-53.093,20.279,1,5,2.00,NONE
682,35.5448575000,129.2555208333,-52.897,20.353,1,5,2.00,NONE
683,35.5448580000,129.2555231667,-52.686,20.409,1,5,2.00,NONE
684,35.5448585000,129.2555255000,-52.474,20.464,1,5,2.00,NONE
685,35.5448590000,129.2555275000,-52.293,20.520,1,5,2.00,NONE
686,35.5448595000,129.2555293333,-52.127,20.576,1,5,2.00,NONE
687,35.5448600000,129.2555310000,-51.976,20.631,1,5,2.00,NONE
688,35.5448605000,129.2555331667,-51.780,20.687,1,5,2.00,NONE
689,35.5448610000,129.2555353333,-51.584,20.743,1,5,2.00,NONE
690,35.5448618333,129.2555375000,-51.387,20.835,1,5,2.00,NONE
691,35.5448623333,129.2555400000,-51.161,20.891,1,5,2.00,NONE
692,35.5448628333,129.2555420000,-50.980,20.947,1,5,2.00,NONE
693,35.5448633333,129.2555441667,-50.783,21.002,1,5,2.00,NONE
694,35.5448640000,129.2555460000,-50.617,21.077,1,5,2.00,NONE
695,35.5448645000,129.2555481667,-50.421,21.132,1,5,2.00,NONE
696,35.5448651667,129.2555503333,-50.225,21.206,1,5,2.00,NONE
697,35.5448656667,129.2555528333,-49.998,21.262,1,5,2.00,NONE
698,35.5448663333,129.2555550000,-49.802,21.336,1,5,2.00,NONE
699,35.5448670000,129.2555571667,-49.606,21.411,1,5,2.00,NONE
700,35.5448676667,129.2555593333,-49.410,21.485,1,5,2.00,NONE
701,35.5448683333,129.2555616667,-49.198,21.559,1,5,2.00,NONE
702,35.5448690000,129.2555640000,-48.987,21.633,1,5,2.00,NONE
703,35.5448696667,129.2555663333,-48.776,21.707,1,5,2.00,NONE
704,35.5448701667,129.2555686667,-48.564,21.763,1,5,2.00,NONE
705,35.5448708333,129.2555708333,-48.368,21.837,1,5,2.00,NONE
706,35.5448713333,129.2555728333,-48.187,21.893,1,5,2.00,NONE
707,35.5448720000,129.2555748333,-48.006,21.967,1,5,2.00,NONE
708,35.5448725000,129.2555768333,-47.825,22.023,1,5,2.00,NONE
709,35.5448731667,129.2555786667,-47.659,22.097,1,5,2.00,NONE
710,35.5448738333,129.2555810000,-47.447,22.171,1,5,2.00,NONE
711,35.5448745000,129.2555831667,-47.251,22.245,1,5,2.00,NONE
712,35.5448751667,129.2555855000,-47.040,22.320,1,5,2.00,NONE
713,35.5448758333,129.2555876667,-46.843,22.394,1,5,2.00,NONE
714,35.5448763333,129.2555895000,-46.677,22.450,1,5,2.00,NONE
715,35.5448768333,129.2555915000,-46.496,22.505,1,5,2.00,NONE
716,35.5448775000,129.2555935000,-46.315,22.579,1,5,2.00,NONE
717,35.5448780000,129.2555953333,-46.149,22.635,1,5,2.00,NONE
718,35.5448786667,129.2555975000,-45.953,22.709,1,5,2.00,NONE
719,35.5448795000,129.2555996667,-45.756,22.802,1,5,2.00,NONE
720,35.5448800000,129.2556016667,-45.575,22.858,1,5,2.00,NONE
721,35.5448806667,129.2556038333,-45.379,22.932,1,5,2.00,NONE
722,35.5448813333,129.2556058333,-45.198,23.006,1,5,2.00,NONE
723,35.5448820000,129.2556076667,-45.032,23.080,1,5,2.00,NONE
724,35.5448828333,129.2556095000,-44.866,23.173,1,5,2.00,NONE
725,35.5448836667,129.2556116667,-44.670,23.266,1,5,2.00,NONE
726,35.5448846667,129.2556138333,-44.473,23.377,1,5,2.00,NONE
727,35.5448855000,129.2556158333,-44.292,23.470,1,5,2.00,NONE
728,35.5448868333,129.2556190000,-44.005,23.618,1,5,2.00,NONE
729,35.5448876667,129.2556213333,-43.794,23.711,1,5,2.00,NONE
730,35.5448888333,129.2556233333,-43.613,23.841,1,5,2.00,NONE
731,35.5448900000,129.2556251667,-43.447,23.971,1,5,2.00,NONE
732,35.5448911667,129.2556273333,-43.250,24.101,1,5,2.00,NONE
733,35.5448925000,129.2556291667,-43.084,24.249,1,5,2.00,NONE
734,35.5448943333,129.2556321667,-42.813,24.453,1,5,2.00,NONE
735,35.5448956667,129.2556341667,-42.632,24.602,1,5,2.00,NONE
736,35.5448971667,129.2556363333,-42.435,24.769,1,5,2.00,NONE
737,35.5448985000,129.2556381667,-42.269,24.917,1,5,2.00,NONE
738,35.5448996667,129.2556400000,-42.103,25.047,1,5,2.00,NONE
739,35.5449008333,129.2556420000,-41.922,25.177,1,5,2.00,NONE
740,35.5449020000,129.2556441667,-41.726,25.307,1,5,2.00,NONE
741,35.5449031667,129.2556463333,-41.530,25.437,1,5,2.00,NONE
742,35.5449041667,129.2556485000,-41.333,25.548,1,5,2.00,NONE
743,35.5449053333,129.2556506667,-41.137,25.678,1,5,2.00,NONE
744,35.5449063333,129.2556530000,-40.926,25.789,1,5,2.00,NONE
745,35.5449073333,129.2556551667,-40.729,25.900,1,5,2.00,NONE
746,35.5449081667,129.2556575000,-40.518,25.993,1,5,2.00,NONE
747,35.5449091667,129.2556598333,-40.307,26.105,1,5,2.00,NONE
748,35.5449100000,129.2556620000,-40.110,26.197,1,5,2.00,NONE
749,35.5449106667,129.2556641667,-39.914,26.272,1,5,2.00,NONE
750,35.5449113333,129.2556660000,-39.748,26.346,1,5,2.00,NONE
751,35.5449121667,129.2556676667,-39.597,26.439,1,5,2.00,NONE
752,35.5449126667,129.2556693333,-39.446,26.494,1,5,2.00,NONE
753,35.5449135000,129.2556711667,-39.280,26.587,1,5,2.00,NONE
754,35.5449143333,129.2556730000,-39.114,26.680,1,5,2.00,NONE
755,35.5449151667,129.2556746667,-38.963,26.772,1,5,2.00,NONE
756,35.5449158333,129.2556761667,-38.827,26.847,1,5,2.00,NONE
757,35.5449165000,129.2556780000,-38.661,26.921,1,5,2.00,NONE
758,35.5449171667,129.2556795000,-38.525,26.995,1,5,2.00,NONE
759,35.5449176667,129.2556811667,-38.374,27.051,1,5,2.00,NONE
760,35.5449185000,129.2556826667,-38.239,27.144,1,5,2.00,NONE
761,35.5449193333,129.2556843333,-38.088,27.236,1,5,2.00,NONE
762,35.5449200000,129.2556860000,-37.937,27.311,1,5,2.00,NONE
763,35.5449206667,129.2556876667,-37.786,27.385,1,5,2.00,NONE
764,35.5449215000,129.2556891667,-37.650,27.477,1,5,2.00,NONE
765,35.5449223333,129.2556911667,-37.469,27.570,1,5,2.00,NONE
766,35.5449230000,129.2556926667,-37.333,27.644,1,5,2.00,NONE
767,35.5449238333,129.2556943333,-37.182,27.737,1,5,2.00,NONE
768,35.5449245000,129.2556958333,-37.046,27.811,1,5,2.00,NONE
769,35.5449253333,129.2556975000,-36.895,27.904,1,5,2.00,NONE
770,35.5449260000,129.2556991667,-36.744,27.978,1,5,2.00,NONE
771,35.5449268333,129.2557010000,-36.578,28.071,1,5,2.00,NONE
772,35.5449276667,129.2557030000,-36.397,28.164,1,5,2.00,NONE
773,35.5449283333,129.2557051667,-36.201,28.238,1,5,2.00,NONE
774,35.5449290000,129.2557075000,-35.989,28.312,1,5,2.00,NONE
775,35.5449298333,129.2557096667,-35.793,28.405,1,5,2.00,NONE
776,35.5449305000,129.2557120000,-35.582,28.479,1,5,2.00,NONE
777,35.5449310000,129.2557141667,-35.385,28.535,1,5,2.00,NONE
778,35.5449315000,129.2557165000,-35.174,28.591,1,5,2.00,NONE
779,35.5449318333,129.2557188333,-34.963,28.628,1,5,2.00,NONE
780,35.5449318333,129.2557211667,-34.751,28.628,1,5,2.00,NONE
781,35.5449326667,129.2557233333,-34.555,28.721,1,5,2.00,NONE
782,35.5449333333,129.2557256667,-34.344,28.795,1,5,2.00,NONE
783,35.5449341667,129.2557278333,-34.147,28.888,1,5,2.00,NONE
784,35.5449348333,129.2557301667,-33.936,28.962,1,5,2.00,NONE
785,35.5449355000,129.2557325000,-33.725,29.036,1,5,2.00,NONE
786,35.5449365000,129.2557343333,-33.559,29.147,1,5,2.00,NONE
787,35.5449370000,129.2557365000,-33.362,29.203,1,5,2.00,NONE
788,35.5449376667,129.2557386667,-33.166,29.277,1,5,2.00,NONE
789,35.5449383333,129.2557408333,-32.970,29.351,1,5,2.00,NONE
790,35.5449390000,129.2557433333,-32.744,29.426,1,5,2.00,NONE
791,35.5449400000,129.2557455000,-32.547,29.537,1,5,2.00,NONE
792,35.5449405000,129.2557476667,-32.351,29.593,1,5,2.00,NONE
793,35.5449416667,129.2557495000,-32.185,29.722,1,5,2.00,NONE
794,35.5449426667,129.2557513333,-32.019,29.834,1,5,2.00,NONE
795,35.5449433333,129.2557531667,-31.853,29.908,1,5,2.00,NONE
796,35.5449436667,129.2557553333,-31.657,29.945,1,5,2.00,NONE
797,35.5449445000,129.2557573333,-31.475,30.038,1,5,2.00,NONE
798,35.5449451667,129.2557593333,-31.294,30.112,1,5,2.00,NONE
799,35.5449460000,129.2557613333,-31.113,30.205,1,5,2.00,NONE
800,35.5449466667,129.2557633333,-30.932,30.279,1,5,2.00,NONE
801,35.5449473333,129.2557655000,-30.736,30.353,1,5,2.00,NONE
802,35.5449475000,129.2557676667,-30.540,30.372,1,5,2.00,NONE
803,35.5449483333,129.2557695000,-30.373,30.465,1,5,2.00,NONE
804,35.5449488333,129.2557718333,-30.162,30.520,1,5,2.00,NONE
805,35.5449496667,129.2557738333,-29.981,30.613,1,5,2.00,NONE
806,35.5449501667,129.2557758333,-29.800,30.669,1,5,2.00,NONE
807,35.5449505000,129.2557775000,-29.649,30.706,1,5,2.00,NONE
808,35.5449511667,129.2557795000,-29.468,30.780,1,5,2.00,NONE
809,35.5449515000,129.2557816667,-29.271,30.817,1,5,2.00,NONE
810,35.5449521667,129.2557838333,-29.075,30.891,1,5,2.00,NONE
811,35.5449528333,129.2557860000,-28.879,30.966,1,5,2.00,NONE
812,35.5449533333,129.2557883333,-28.668,31.021,1,5,2.00,NONE
813,35.5449540000,129.2557903333,-28.486,31.095,1,5,2.00,NONE
814,35.5449548333,129.2557925000,-28.290,31.188,1,5,2.00,NONE
815,35.5449551667,129.2557948333,-28.079,31.225,1,5,2.00,NONE
816,35.5449561667,129.2557971667,-27.867,31.337,1,5,2.00,NONE
817,35.5449566667,129.2557991667,-27.686,31.392,1,5,2.00,NONE
818,35.5449571667,129.2558013333,-27.490,31.448,1,5,2.00,NONE
819,35.5449576667,129.2558033333,-27.309,31.504,1,5,2.00,NONE
820,35.5449585000,129.2558051667,-27.143,31.596,1,5,2.00,NONE
821,35.5449591667,129.2558068333,-26.992,31.671,1,5,2.00,NONE
822,35.5449596667,129.2558085000,-26.841,31.726,1,5,2.00,NONE
823,35.5449603333,129.2558103333,-26.675,31.800,1,5,2.00,NONE
824,35.5449608333,129.2558120000,-26.524,31.856,1,5,2.00,NONE
825,35.5449616667,129.2558136667,-26.373,31.949,1,5,2.00,NONE
826,35.5449620000,129.2558156667,-26.192,31.986,1,5,2.00,NONE
827,35.5449628333,129.2558170000,-26.071,32.079,1,5,2.00,NONE
828,35.5449635000,129.2558188333,-25.905,32.153,1,5,2.00,NONE
829,35.5449641667,129.2558205000,-25.754,32.227,1,5,2.00,NONE
830,35.5449650000,129.2558226667,-25.558,32.320,1,5,2.00,NONE
831,35.5449656667,129.2558243333,-25.407,32.394,1,5,2.00,NONE
832,35.5449666667,129.2558260000,-25.256,32.505,1,5,2.00,NONE
833,35.5449673333,129.2558280000,-25.075,32.580,1,5,2.00,NONE
834,35.5449680000,129.2558300000,-24.894,32.654,1,5,2.00,NONE
835,35.5449686667,129.2558321667,-24.697,32.728,1,5,2.00,NONE
836,35.5449693333,129.2558345000,-24.486,32.802,1,5,2.00,NONE
837,35.5449698333,129.2558366667,-24.290,32.858,1,5,2.00,NONE
838,35.5449701667,129.2558388333,-24.093,32.895,1,5,2.00,NONE
839,35.5449705000,129.2558410000,-23.897,32.932,1,5,2.00,NONE
840,35.5449706667,129.2558431667,-23.701,32.951,1,5,2.00,NONE
841,35.5449706667,129.2558453333,-23.505,32.951,1,5,2.00,NONE
842,35.5449710000,129.2558475000,-23.308,32.988,1,5,2.00,NONE
843,35.5449711667,129.2558496667,-23.112,33.006,1,5,2.00,NONE
844,35.5449713333,129.2558518333,-22.916,33.025,1,5,2.00,NONE
845,35.5449713333,129.2558538333,-22.735,33.025,1,5,2.00,NONE
846,35.5449713333,129.2558561667,-22.523,33.025,1,5,2.00,NONE
847,35.5449713333,129.2558586667,-22.297,33.025,1,5,2.00,NONE
848,35.5449713333,129.2558608333,-22.101,33.025,1,5,2.00,NONE
849,35.5449711667,129.2558631667,-21.889,33.006,1,5,2.00,NONE
850,35.5449711667,129.2558656667,-21.663,33.006,1,5,2.00,NONE
851,35.5449713333,129.2558678333,-21.467,33.025,1,5,2.00,NONE
852,35.5449711667,129.2558705000,-21.225,33.006,1,5,2.00,NONE
853,35.5449710000,129.2558730000,-20.999,32.988,1,5,2.00,NONE
854,35.5449710000,129.2558756667,-20.757,32.988,1,5,2.00,NONE
855,35.5449708333,129.2558780000,-20.546,32.969,1,5,2.00,NONE
856,35.5449706667,129.2558806667,-20.304,32.951,1,5,2.00,NONE
857,35.5449703333,129.2558830000,-20.093,32.914,1,5,2.00,NONE
858,35.5449701667,129.2558853333,-19.882,32.895,1,5,2.00,NONE
859,35.5449698333,129.2558878333,-19.655,32.858,1,5,2.00,NONE
860,35.5449696667,129.2558903333,-19.429,32.839,1,5,2.00,NONE
861,35.5449693333,129.2558928333,-19.202,32.802,1,5,2.00,NONE
862,35.5449693333,129.2558953333,-18.976,32.802,1,5,2.00,NONE
863,35.5449691667,129.2558978333,-18.749,32.784,1,5,2.00,NONE
864,35.5449690000,129.2559005000,-18.508,32.765,1,5,2.00,NONE
865,35.5449686667,129.2559030000,-18.281,32.728,1,5,2.00,NONE
866,35.5449683333,129.2559056667,-18.040,32.691,1,5,2.00,NONE
867,35.5449676667,129.2559081667,-17.813,32.617,1,5,2.00,NONE
868,35.5449673333,129.2559105000,-17.602,32.580,1,5,2.00,NONE
869,35.5449668333,129.2559130000,-17.376,32.524,1,5,2.00,NONE
870,35.5449661667,129.2559153333,-17.164,32.450,1,5,2.00,NONE
871,35.5449655000,129.2559178333,-16.938,32.376,1,5,2.00,NONE
872,35.5449650000,129.2559201667,-16.727,32.320,1,5,2.00,NONE
873,35.5449643333,129.2559221667,-16.545,32.246,1,5,2.00,NONE
874,35.5449638333,129.2559241667,-16.364,32.190,1,5,2.00,NONE
875,35.5449630000,129.2559261667,-16.183,32.097,1,5,2.00,NONE
876,35.5449625000,129.2559281667,-16.002,32.042,1,5,2.00,NONE
877,35.5449616667,129.2559306667,-15.775,31.949,1,5,2.00,NONE
878,35.5449606667,129.2559330000,-15.564,31.838,1,5,2.00,NONE
879,35.5449593333,129.2559346667,-15.413,31.689,1,5,2.00,NONE
880,35.5449581667,129.2559368333,-15.217,31.559,1,5,2.00,NONE
881,35.5449576667,129.2559393333,-14.990,31.504,1,5,2.00,NONE
882,35.5449570000,129.2559416667,-14.779,31.429,1,5,2.00,NONE
883,35.5449560000,129.2559438333,-14.583,31.318,1,5,2.00,NONE
884,35.5449556667,129.2559460000,-14.387,31.281,1,5,2.00,NONE
885,35.5449555000,129.2559481667,-14.190,31.262,1,5,2.00,NONE
886,35.5449551667,129.2559503333,-13.994,31.225,1,5,2.00,NONE
887,35.5449546667,129.2559528333,-13.768,31.170,1,5,2.00,NONE
888,35.5449538333,129.2559548333,-13.587,31.077,1,5,2.00,NONE
889,35.5449533333,129.2559573333,-13.360,31.021,1,5,2.00,NONE
890,35.5449525000,129.2559596667,-13.149,30.928,1,5,2.00,NONE
891,35.5449518333,129.2559620000,-12.937,30.854,1,5,2.00,NONE
892,35.5449510000,129.2559641667,-12.741,30.761,1,5,2.00,NONE
893,35.5449500000,129.2559661667,-12.560,30.650,1,5,2.00,NONE
894,35.5449488333,129.2559678333,-12.409,30.520,1,5,2.00,NONE
895,35.5449480000,129.2559701667,-12.198,30.427,1,5,2.00,NONE
896,35.5449465000,129.2559718333,-12.047,30.260,1,5,2.00,NONE
897,35.5449455000,129.2559740000,-11.850,30.149,1,5,2.00,NONE
898,35.5449441667,129.2559758333,-11.684,30.001,1,5,2.00,NONE
899,35.5449431667,129.2559781667,-11.473,29.889,1,5,2.00,NONE
900,35.5449415000,129.2559796667,-11.337,29.704,1,5,2.00,NONE
901,35.5449398333,129.2559811667,-11.201,29.518,1,5,2.00,NONE
902,35.5449390000,129.2559828333,-11.050,29.426,1,5,2.00,NONE
903,35.5449378333,129.2559841667,-10.930,29.296,1,5,2.00,NONE
904,35.5449368333,129.2559855000,-10.809,29.184,1,5,2.00,NONE
905,35.5449360000,129.2559868333,-10.688,29.092,1,5,2.00,NONE
906,35.5449348333,129.2559881667,-10.567,28.962,1,5,2.00,NONE
907,35.5449335000,129.2559898333,-10.416,28.813,1,5,2.00,NONE
908,35.5449323333,129.2559913333,-10.280,28.683,1,5,2.00,NONE
909,35.5449310000,129.2559931667,-10.114,28.535,1,5,2.00,NONE
910,35.5449300000,129.2559950000,-9.948,28.424,1,5,2.00,NONE
911,35.5449288333,129.2559968333,-9.782,28.294,1,5,2.00,NONE
912,35.5449275000,129.2559986667,-9.616,28.145,1,5,2.00,NONE
913,35.5449263333,129.2560003333,-9.465,28.016,1,5,2.00,NONE
914,35.5449251667,129.2560023333,-9.284,27.886,1,5,2.00,NONE
915,35.5449240000,129.2560041667,-9.118,27.756,1,5,2.00,NONE
916,35.5449226667,129.2560058333,-8.967,27.607,1,5,2.00,NONE
917,35.5449218333,129.2560078333,-8.786,27.515,1,5,2.00,NONE
918,35.5449210000,129.2560096667,-8.620,27.422,1,5,2.00,NONE
919,35.5449200000,129.2560116667,-8.439,27.311,1,5,2.00,NONE
920,35.5449188333,129.2560136667,-8.258,27.181,1,5,2.00,NONE
921,35.5449180000,129.2560155000,-8.092,27.088,1,5,2.00,NONE
922,35.5449168333,129.2560178333,-7.880,26.958,1,5,2.00,NONE
923,35.5449158333,129.2560196667,-7.714,26.847,1,5,2.00,NONE
924,35.5449150000,129.2560211667,-7.578,26.754,1,5,2.00,NONE
925,35.5449140000,129.2560226667,-7.442,26.643,1,5,2.00,NONE
926,35.5449130000,129.2560243333,-7.291,26.531,1,5,2.00,NONE
927,35.5449121667,129.2560256667,-7.171,26.439,1,5,2.00,NONE
928,35.5449111667,129.2560275000,-7.005,26.327,1,5,2.00,NONE
929,35.5449101667,129.2560286667,-6.899,26.216,1,5,2.00,NONE
930,35.5449091667,129.2560301667,-6.763,26.105,1,5,2.00,NONE
931,35.5449080000,129.2560318333,-6.612,25.975,1,5,2.00,NONE
932,35.5449068333,129.2560336667,-6.446,25.845,1,5,2.00,NONE
933,35.5449056667,129.2560355000,-6.280,25.715,1,5,2.00,NONE
934,35.5449045000,129.2560371667,-6.129,25.585,1,5,2.00,NONE
935,35.5449030000,129.2560390000,-5.963,25.418,1,5,2.00,NONE
936,35.5449015000,129.2560405000,-5.827,25.251,1,5,2.00,NONE
937,35.5449000000,129.2560418333,-5.706,25.084,1,5,2.00,NONE
938,35.5448985000,129.2560433333,-5.570,24.917,1,5,2.00,NONE
939,35.5448970000,129.2560443333,-5.480,24.750,1,5,2.00,NONE
940,35.5448958333,129.2560453333,-5.389,24.620,1,5,2.00,NONE
941,35.5448945000,129.2560463333,-5.299,24.472,1,5,2.00,NONE
942,35.5448935000,129.2560476667,-5.178,24.361,1,5,2.00,NONE
943,35.5448921667,129.2560486667,-5.087,24.212,1,5,2.00,NONE
944,35.5448906667,129.2560496667,-4.997,24.045,1,5,2.00,NONE
945,35.5448888333,129.2560508333,-4.891,23.841,1,5,2.00,NONE
946,35.5448870000,129.2560521667,-4.770,23.637,1,5,2.00,NONE
947,35.5448851667,129.2560531667,-4.680,23.433,1,5,2.00,NONE
948,35.5448833333,129.2560543333,-4.574,23.229,1,5,2.00,NONE
949,35.5448818333,129.2560555000,-4.468,23.062,1,5,2.00,NONE
950,35.5448803333,129.2560565000,-4.378,22.895,1,5,2.00,NONE
951,35.5448783333,129.2560575000,-4.287,22.672,1,5,2.00,NONE
952,35.5448765000,129.2560585000,-4.197,22.468,1,5,2.00,NONE
953,35.5448748333,129.2560591667,-4.136,22.283,1,5,2.00,NONE
954,35.5448730000,129.2560600000,-4.061,22.078,1,5,2.00,NONE
955,35.5448713333,129.2560610000,-3.970,21.893,1,5,2.00,NONE
956,35.5448695000,129.2560615000,-3.925,21.689,1,5,2.00,NONE
957,35.5448676667,129.2560621667,-3.865,21.485,1,5,2.00,NONE
958,35.5448663333,129.2560628333,-3.804,21.336,1,5,2.00,NONE
959,35.5448648333,129.2560635000,-3.744,21.169,1,5,2.00,NONE
960,35.5448635000,129.2560640000,-3.699,21.021,1,5,2.00,NONE
961,35.5448620000,129.2560643333,-3.668,20.854,1,5,2.00,NONE
962,35.5448605000,129.2560651667,-3.593,20.687,1,5,2.00,NONE
963,35.5448588333,129.2560656667,-3.548,20.501,1,5,2.00,NONE
964,35.5448571667,129.2560663333,-3.487,20.316,1,5,2.00,NONE
965,35.5448553333,129.2560668333,-3.442,20.112,1,5,2.00,NONE
966,35.5448536667,129.2560675000,-3.382,19.926,1,5,2.00,NONE
967,35.5448518333,129.2560685000,-3.291,19.722,1,5,2.00,NONE
968,35.5448503333,129.2560688333,-3.261,19.555,1,5,2.00,NONE
969,35.5448486667,129.2560695000,-3.200,19.370,1,5,2.00,NONE
970,35.5448468333,129.2560700000,-3.155,19.166,1,5,2.00,NONE
971,35.5448451667,129.2560708333,-3.080,18.980,1,5,2.00,NONE
972,35.5448433333,129.2560711667,-3.049,18.776,1,5,2.00,NONE
973,35.5448418333,129.2560716667,-3.004,18.609,1,5,2.00,NONE
974,35.5448401667,129.2560721667,-2.959,18.423,1,5,2.00,NONE
975,35.5448385000,129.2560728333,-2.898,18.238,1,5,2.00,NONE
976,35.5448371667,129.2560736667,-2.823,18.090,1,5,2.00,NONE
977,35.5448353333,129.2560741667,-2.778,17.885,1,5,2.00,NONE
978,35.5448336667,129.2560750000,-2.702,17.700,1,5,2.00,NONE
979,35.5448318333,129.2560755000,-2.657,17.496,1,5,2.00,NONE
980,35.5448303333,129.2560761667,-2.597,17.329,1,5,2.00,NONE
981,35.5448288333,129.2560766667,-2.551,17.162,1,5,2.00,NONE
982,35.5448275000,129.2560771667,-2.506,17.013,1,5,2.00,NONE
983,35.5448260000,129.2560780000,-2.430,16.846,1,5,2.00,NONE
984,35.5448243333,129.2560786667,-2.370,16.661,1,5,2.00,NONE
985,35.5448230000,129.2560795000,-2.295,16.512,1,5,2.00,NONE
986,35.5448211667,129.2560798333,-2.264,16.308,1,5,2.00,NONE
987,35.5448198333,129.2560805000,-2.204,16.160,1,5,2.00,NONE
988,35.5448178333,129.2560806667,-2.189,15.937,1,5,2.00,NONE
989,35.5448171667,129.2560826667,-2.008,15.863,1,5,2.00,NONE
990,35.5448160000,129.2560841667,-1.872,15.733,1,5,2.00,NONE
991,35.5448141667,129.2560850000,-1.796,15.529,1,5,2.00,NONE
992,35.5448125000,129.2560861667,-1.691,15.344,1,5,2.00,NONE
993,35.5448103333,129.2560868333,-1.630,15.102,1,5,2.00,NONE
994,35.5448088333,129.2560876667,-1.555,14.935,1,5,2.00,NONE
995,35.5448073333,129.2560888333,-1.449,14.768,1,5,2.00,NONE
996,35.5448055000,129.2560891667,-1.419,14.564,1,5,2.00,NONE
997,35.5448041667,129.2560905000,-1.298,14.416,1,5,2.00,NONE
998,35.5448021667,129.2560913333,-1.223,14.193,1,5,2.00,NONE
999,35.5448005000,129.2560920000,-1.162,14.008,1,5,2.00,NONE
1000,35.5447983333,129.2560930000,-1.072,13.767,1,5,2.00,NONE
1001,35.5447968333,129.2560938333,-0.996,13.600,1,5,2.00,NONE
1002,35.5447953333,129.2560948333,-0.906,13.433,1,5,2.00,NONE
1003,35.5447938333,129.2560956667,-0.830,13.266,1,5,2.00,NONE
1004,35.5447921667,129.2560965000,-0.755,13.080,1,5,2.00,NONE
1005,35.5447903333,129.2560976667,-0.649,12.876,1,5,2.00,NONE
1006,35.5447885000,129.2560981667,-0.604,12.672,1,5,2.00,NONE
1007,35.5447868333,129.2560993333,-0.498,12.486,1,5,2.00,NONE
1008,35.5447850000,129.2561000000,-0.438,12.282,1,5,2.00,NONE
1009,35.5447833333,129.2561008333,-0.362,12.097,1,5,2.00,NONE
1010,35.5447818333,129.2561016667,-0.287,11.930,1,5,2.00,NONE
1011,35.5447805000,129.2561021667,-0.242,11.781,1,5,2.00,NONE
1012,35.5447790000,129.2561030000,-0.166,11.614,1,5,2.00,NONE
1013,35.5447775000,129.2561035000,-0.121,11.447,1,5,2.00,NONE
1014,35.5447758333,129.2561035000,-0.121,11.262,1,5,2.00,NONE
1015,35.5447745000,129.2561043333,-0.045,11.113,1,5,2.00,NONE
1016,35.5447728333,129.2561053333,0.045,10.928,1,5,2.00,NONE
1017,35.5447711667,129.2561061667,0.121,10.742,1,5,2.00,NONE
1018,35.5447698333,129.2561066667,0.166,10.594,1,5,2.00,NONE
1019,35.5447686667,129.2561075000,0.242,10.464,1,5,2.00,NONE
1020,35.5447671667,129.2561081667,0.302,10.297,1,5,2.00,NONE
1021,35.5447660000,129.2561090000,0.377,10.167,1,5,2.00,NONE
1022,35.5447646667,129.2561095000,0.423,10.019,1,5,2.00,NONE
1023,35.5447631667,129.2561101667,0.483,9.852,1,5,2.00,NONE
1024,35.5447613333,129.2561108333,0.543,9.648,1,5,2.00,NONE
1025,35.5447598333,129.2561115000,0.604,9.481,1,5,2.00,NONE
1026,35.5447575000,129.2561120000,0.649,9.221,1,5,2.00,NONE
1027,35.5447560000,129.2561128333,0.725,9.054,1,5,2.00,NONE
1028,35.5447540000,129.2561135000,0.785,8.831,1,5,2.00,NONE
1029,35.5447523333,129.2561143333,0.860,8.646,1,5,2.00,NONE
1030,35.5447505000,129.2561151667,0.936,8.442,1,5,2.00,NONE
1031,35.5447488333,129.2561160000,1.011,8.256,1,5,2.00,NONE
1032,35.5447470000,129.2561168333,1.087,8.052,1,5,2.00,NONE
1033,35.5447453333,129.2561178333,1.177,7.867,1,5,2.00,NONE
1034,35.5447435000,129.2561183333,1.223,7.663,1,5,2.00,NONE
1035,35.5447420000,129.2561191667,1.298,7.496,1,5,2.00,NONE
1036,35.5447403333,129.2561196667,1.344,7.310,1,5,2.00,NONE
1037,35.5447388333,129.2561203333,1.404,7.143,1,5,2.00,NONE
1038,35.5447368333,129.2561201667,1.389,6.920,1,5,2.00,NONE
1039,35.5447353333,129.2561206667,1.434,6.753,1,5,2.00,NONE
1040,35.5447330000,129.2561211667,1.479,6.494,1,5,2.00,NONE
1041,35.5447313333,129.2561218333,1.540,6.308,1,5,2.00,NONE
1042,35.5447293333,129.2561228333,1.630,6.085,1,5,2.00,NONE
1043,35.5447276667,129.2561238333,1.721,5.900,1,5,2.00,NONE
1044,35.5447260000,129.2561246667,1.796,5.714,1,5,2.00,NONE
1045,35.5447240000,129.2561256667,1.887,5.492,1,5,2.00,NONE
1046,35.5447223333,129.2561266667,1.978,5.306,1,5,2.00,NONE
1047,35.5447201667,129.2561276667,2.068,5.065,1,5,2.00,NONE
1048,35.5447185000,129.2561283333,2.129,4.880,1,5,2.00,NONE
1049,35.5447168333,129.2561290000,2.189,4.694,1,5,2.00,NONE
1050,35.5447155000,129.2561296667,2.249,4.546,1,5,2.00,NONE
