index,latitude,longitude,x_m,y_m,dr_x_m,dr_y_m,dr_yaw_deg,direction,mode,drive_level,wheel,event
0,37.2887086667,127.1073150000,0.000,0.000,0.000,0.000,0.000,1,1,2.00,0,NONE
1,37.2887090000,127.1073126667,-0.207,0.037,0.000,0.000,0.000,1,1,2.00,0,NONE
2,37.2887098333,127.1073108333,-0.369,0.130,0.000,0.000,0.000,1,1,2.00,0,NONE
3,37.2887106667,127.1073086667,-0.561,0.223,0.000,0.000,0.000,1,1,2.00,0,NONE
4,37.2887110000,127.1073068333,-0.723,0.260,0.000,0.000,0.000,1,1,2.00,0,NONE
5,37.2887115000,127.1073046667,-0.915,0.315,0.000,0.000,0.000,1,1,2.00,0,NONE
6,37.2887118333,127.1073028333,-1.078,0.353,0.000,0.000,0.000,1,1,2.00,0,NONE
7,37.2887126667,127.1073008333,-1.255,0.445,0.000,0.000,0.000,1,1,2.00,0,NONE
8,37.2887135000,127.1072986667,-1.447,0.538,0.000,0.000,0.000,1,1,2.00,0,NONE
9,37.2887141667,127.1072965000,-1.638,0.612,0.000,0.000,0.000,1,1,2.00,0,NONE
10,37.2887150000,127.1072945000,-1.816,0.705,0.000,0.000,0.000,1,1,2.00,0,NONE
11,37.2887158333,127.1072920000,-2.037,0.798,0.000,0.000,0.000,1,1,2.00,0,NONE
12,37.2887166667,127.1072900000,-2.214,0.891,0.000,0.000,0.000,1,1,2.00,0,NONE
13,37.2887176667,127.1072876667,-2.421,1.002,0.000,0.000,0.000,1,1,2.00,0,NONE
14,37.2887190000,127.1072855000,-2.613,1.150,0.000,0.000,0.000,1,1,2.00,0,NONE
15,37.2887200000,127.1072835000,-2.790,1.262,0.000,0.000,0.000,1,1,2.00,0,NONE
16,37.2887213333,127.1072813333,-2.982,1.410,0.000,0.000,0.000,1,1,2.00,0,NONE
17,37.2887225000,127.1072791667,-3.174,1.540,0.000,0.000,0.000,1,1,2.00,0,NONE
18,37.2887240000,127.1072773333,-3.336,1.707,0.000,0.000,0.000,1,1,2.00,0,NONE
19,37.2887256667,127.1072756667,-3.484,1.892,0.000,0.000,0.000,1,1,2.00,0,NONE
20,37.2887273333,127.1072738333,-3.646,2.078,0.000,0.000,0.000,1,1,2.00,0,NONE
21,37.2887290000,127.1072723333,-3.779,2.264,0.000,0.000,0.000,1,1,2.00,0,NONE
22,37.2887308333,127.1072705000,-3.941,2.468,0.000,0.000,0.000,1,1,2.00,0,NONE
23,37.2887326667,127.1072690000,-4.074,2.672,0.000,0.000,0.000,1,1,2.00,0,NONE
24,37.2887346667,127.1072675000,-4.207,2.894,0.000,0.000,0.000,1,1,2.00,0,NONE
25,37.2887366667,127.1072663333,-4.310,3.117,0.000,0.000,0.000,1,1,2.00,0,NONE
26,37.2887386667,127.1072650000,-4.428,3.340,0.000,0.000,0.000,1,1,2.00,0,NONE
27,37.2887408333,127.1072638333,-4.532,3.581,0.000,0.000,0.000,1,1,2.00,0,NONE
28,37.2887428333,127.1072625000,-4.650,3.803,0.000,0.000,0.000,1,1,2.00,0,NONE
29,37.2887450000,127.1072616667,-4.723,4.045,0.000,0.000,0.000,1,1,2.00,0,NONE
30,37.2887473333,127.1072610000,-4.783,4.304,0.000,0.000,0.000,1,1,2.00,0,NONE
31,37.2887496667,127.1072606667,-4.812,4.564,0.000,0.000,0.000,1,1,2.00,0,NONE
32,37.2887518333,127.1072601667,-4.856,4.805,0.000,0.000,0.000,1,1,2.00,0,NONE
33,37.2887541667,127.1072596667,-4.901,5.065,0.000,0.000,0.000,1,1,2.00,0,NONE
34,37.2887563333,127.1072595000,-4.915,5.306,0.000,0.000,0.000,1,1,2.00,0,NONE
35,37.2887586667,127.1072595000,-4.915,5.566,0.000,0.000,0.000,1,1,2.00,0,NONE
36,37.2887610000,127.1072595000,-4.915,5.826,0.000,0.000,0.000,1,1,2.00,0,NONE
37,37.2887631667,127.1072596667,-4.901,6.067,0.000,0.000,0.000,1,1,2.00,0,NONE
38,37.2887655000,127.1072596667,-4.901,6.327,0.000,0.000,0.000,1,1,2.00,0,NONE
39,37.2887678333,127.1072598333,-4.886,6.586,0.000,0.000,0.000,1,1,2.00,0,NONE
40,37.2887700000,127.1072605000,-4.827,6.828,0.000,0.000,0.000,1,1,2.00,0,NONE
41,37.2887721667,127.1072610000,-4.783,7.069,0.000,0.000,0.000,1,1,2.00,0,NONE
42,37.2887745000,127.1072618333,-4.709,7.329,0.000,0.000,0.000,1,1,2.00,0,NONE
43,37.2887766667,127.1072621667,-4.679,7.570,0.000,0.000,0.000,1,1,2.00,0,NONE
44,37.2887788333,127.1072626667,-4.635,7.811,0.000,0.000,0.000,1,1,2.00,0,NONE
45,37.2887811667,127.1072633333,-4.576,8.071,0.000,0.000,0.000,1,1,2.00,0,NONE
46,37.2887831667,127.1072640000,-4.517,8.293,0.000,0.000,0.000,1,1,2.00,0,NONE
47,37.2887855000,127.1072648333,-4.443,8.553,0.000,0.000,0.000,1,1,2.00,0,NONE
48,37.2887876667,127.1072655000,-4.384,8.794,0.000,0.000,0.000,1,1,2.00,0,NONE
49,37.2887898333,127.1072663333,-4.310,9.035,0.000,0.000,0.000,1,1,2.00,0,NONE
50,37.2887921667,127.1072670000,-4.251,9.295,0.000,0.000,0.000,1,1,2.00,0,NONE
51,37.2887940000,127.1072678333,-4.177,9.499,0.000,0.000,0.000,1,1,2.00,0,NONE
52,37.2887960000,127.1072686667,-4.104,9.722,0.000,0.000,0.000,1,1,2.00,0,NONE
53,37.2887981667,127.1072696667,-4.015,9.963,0.000,0.000,0.000,1,1,2.00,0,NONE
54,37.2888000000,127.1072705000,-3.941,10.167,0.000,0.000,0.000,1,1,2.00,0,NONE
55,37.2888021667,127.1072713333,-3.867,10.408,0.000,0.000,0.000,1,1,2.00,0,NONE
56,37.2888041667,127.1072723333,-3.779,10.631,0.000,0.000,0.000,1,1,2.00,0,NONE
57,37.2888060000,127.1072735000,-3.675,10.835,0.000,0.000,0.000,1,1,2.00,0,NONE
58,37.2888078333,127.1072748333,-3.557,11.039,0.000,0.000,0.000,1,1,2.00,0,NONE
59,37.2888096667,127.1072758333,-3.469,11.243,0.000,0.000,0.000,1,1,2.00,0,NONE
60,37.2888116667,127.1072770000,-3.365,11.466,0.000,0.000,0.000,1,1,2.00,0,NONE
61,37.2888135000,127.1072781667,-3.262,11.670,0.000,0.000,0.000,1,1,2.00,0,NONE
62,37.2888153333,127.1072793333,-3.159,11.874,0.000,0.000,0.000,1,1,2.00,0,NONE
63,37.2888170000,127.1072805000,-3.056,12.060,0.000,0.000,0.000,1,1,2.00,0,NONE
64,37.2888188333,127.1072820000,-2.923,12.264,0.000,0.000,0.000,1,1,2.00,0,NONE
65,37.2888205000,127.1072831667,-2.819,12.449,0.000,0.000,0.000,1,1,2.00,0,NONE
66,37.2888223333,127.1072846667,-2.686,12.653,0.000,0.000,0.000,1,1,2.00,0,NONE
67,37.2888241667,127.1072861667,-2.554,12.857,0.000,0.000,0.000,1,1,2.00,0,NONE
68,37.2888260000,127.1072876667,-2.421,13.062,0.000,0.000,0.000,1,1,2.00,0,NONE
69,37.2888276667,127.1072891667,-2.288,13.247,0.000,0.000,0.000,1,1,2.00,0,NONE
70,37.2888295000,127.1072910000,-2.126,13.451,0.000,0.000,0.000,1,1,2.00,0,NONE
71,37.2888311667,127.1072925000,-1.993,13.637,0.000,0.000,0.000,1,1,2.00,0,NONE
72,37.2888330000,127.1072941667,-1.845,13.841,0.000,0.000,0.000,1,1,2.00,0,NONE
73,37.2888346667,127.1072958333,-1.698,14.026,0.000,0.000,0.000,1,1,2.00,0,NONE
74,37.2888360000,127.1072976667,-1.535,14.175,0.000,0.000,0.000,1,1,2.00,0,NONE
75,37.2888375000,127.1072998333,-1.343,14.342,0.000,0.000,0.000,1,1,2.00,0,NONE
76,37.2888390000,127.1073016667,-1.181,14.509,0.000,0.000,0.000,1,1,2.00,0,NONE
77,37.2888403333,127.1073035000,-1.019,14.657,0.000,0.000,0.000,1,1,2.00,0,NONE
78,37.2888418333,127.1073055000,-0.841,14.824,0.000,0.000,0.000,1,1,2.00,0,NONE
79,37.2888430000,127.1073075000,-0.664,14.954,0.000,0.000,0.000,1,1,2.00,0,NONE
80,37.2888440000,127.1073098333,-0.458,15.065,0.000,0.000,0.000,1,1,2.00,0,NONE
81,37.2888450000,127.1073123333,-0.236,15.177,0.000,0.000,0.000,1,1,2.00,0,NONE
82,37.2888460000,127.1073145000,-0.044,15.288,0.000,0.000,0.000,1,1,2.00,0,NONE
83,37.2888471667,127.1073168333,0.162,15.418,0.000,0.000,0.000,1,1,2.00,0,NONE
84,37.2888481667,127.1073190000,0.354,15.529,0.000,0.000,0.000,1,1,2.00,0,NONE
85,37.2888488333,127.1073213333,0.561,15.603,0.000,0.000,0.000,1,1,2.00,0,NONE
86,37.2888495000,127.1073238333,0.782,15.678,0.000,0.000,0.000,1,1,2.00,0,NONE
87,37.2888501667,127.1073261667,0.989,15.752,0.000,0.000,0.000,1,1,2.00,0,NONE
88,37.2888508333,127.1073286667,1.210,15.826,0.000,0.000,0.000,1,1,2.00,0,NONE
89,37.2888516667,127.1073311667,1.432,15.919,0.000,0.000,0.000,1,1,2.00,0,NONE
90,37.2888521667,127.1073336667,1.653,15.974,0.000,0.000,0.000,1,1,2.00,0,NONE
91,37.2888525000,127.1073361667,1.875,16.012,0.000,0.000,0.000,1,1,2.00,0,NONE
92,37.2888526667,127.1073388333,2.111,16.030,0.000,0.000,0.000,1,1,2.00,0,NONE
93,37.2888530000,127.1073413333,2.332,16.067,0.000,0.000,0.000,1,1,2.00,0,NONE
94,37.2888531667,127.1073440000,2.568,16.086,0.000,0.000,0.000,1,1,2.00,0,NONE
95,37.2888531667,127.1073466667,2.805,16.086,0.000,0.000,0.000,1,1,2.00,0,NONE
96,37.2888530000,127.1073493333,3.041,16.067,0.000,0.000,0.000,1,1,2.00,0,NONE
97,37.2888526667,127.1073521667,3.292,16.030,0.000,0.000,0.000,1,1,2.00,0,NONE
98,37.2888523333,127.1073548333,3.528,15.993,0.000,0.000,0.000,1,1,2.00,0,NONE
99,37.2888521667,127.1073575000,3.764,15.974,0.000,0.000,0.000,1,1,2.00,0,NONE
100,37.2888518333,127.1073603333,4.015,15.937,0.000,0.000,0.000,1,1,2.00,0,NONE
101,37.2888513333,127.1073631667,4.266,15.882,0.000,0.000,0.000,1,1,2.00,0,NONE
102,37.2888508333,127.1073658333,4.502,15.826,0.000,0.000,0.000,1,1,2.00,0,NONE
103,37.2888501667,127.1073685000,4.738,15.752,0.000,0.000,0.000,1,1,2.00,0,NONE
104,37.2888496667,127.1073713333,4.989,15.696,0.000,0.000,0.000,1,1,2.00,0,NONE
105,37.2888493333,127.1073740000,5.225,15.659,0.000,0.000,0.000,1,1,2.00,0,NONE
106,37.2888488333,127.1073768333,5.476,15.603,0.000,0.000,0.000,1,1,2.00,0,NONE
107,37.2888481667,127.1073796667,5.727,15.529,0.000,0.000,0.000,1,1,2.00,0,NONE
108,37.2888475000,127.1073825000,5.978,15.455,0.000,0.000,0.000,1,1,2.00,0,NONE
109,37.2888470000,127.1073853333,6.229,15.399,0.000,0.000,0.000,1,1,2.00,0,NONE
110,37.2888465000,127.1073881667,6.480,15.344,0.000,0.000,0.000,1,1,2.00,0,NONE
111,37.2888460000,127.1073911667,6.746,15.288,0.000,0.000,0.000,1,1,2.00,0,NONE
112,37.2888455000,127.1073938333,6.982,15.232,0.000,0.000,0.000,1,1,2.00,0,NONE
113,37.2888448333,127.1073965000,7.218,15.158,0.000,0.000,0.000,1,1,2.00,0,NONE
114,37.2888441667,127.1073993333,7.469,15.084,0.000,0.000,0.000,1,1,2.00,0,NONE
115,37.2888436667,127.1074020000,7.705,15.028,0.000,0.000,0.000,1,1,2.00,0,NONE
116,37.2888431667,127.1074048333,7.956,14.973,0.000,0.000,0.000,1,1,2.00,0,NONE
117,37.2888428333,127.1074076667,8.207,14.935,0.000,0.000,0.000,1,1,2.00,0,NONE
118,37.2888421667,127.1074105000,8.458,14.861,0.000,0.000,0.000,1,1,2.00,0,NONE
119,37.2888413333,127.1074131667,8.694,14.768,0.000,0.000,0.000,1,1,2.00,0,NONE
120,37.2888405000,127.1074158333,8.930,14.676,0.000,0.000,0.000,1,1,2.00,0,NONE
121,37.2888398333,127.1074185000,9.167,14.601,0.000,0.000,0.000,1,1,2.00,0,NONE
122,37.2888391667,127.1074213333,9.417,14.527,0.000,0.000,0.000,1,1,2.00,0,NONE
123,37.2888383333,127.1074241667,9.668,14.434,0.000,0.000,0.000,1,1,2.00,0,NONE
124,37.2888373333,127.1074268333,9.905,14.323,0.000,0.000,0.000,1,1,2.00,0,NONE
125,37.2888365000,127.1074296667,10.155,14.230,0.000,0.000,0.000,1,1,2.00,0,NONE
126,37.2888360000,127.1074323333,10.392,14.175,0.000,0.000,0.000,1,1,2.00,0,NONE
127,37.2888353333,127.1074353333,10.657,14.101,0.000,0.000,0.000,1,1,2.00,0,NONE
128,37.2888345000,127.1074383333,10.923,14.008,0.000,0.000,0.000,1,1,2.00,0,NONE
129,37.2888338333,127.1074410000,11.159,13.934,0.000,0.000,0.000,1,1,2.00,0,NONE
130,37.2888330000,127.1074438333,11.410,13.841,0.000,0.000,0.000,1,1,2.00,0,NONE
131,37.2888325000,127.1074465000,11.646,13.785,0.000,0.000,0.000,1,1,2.00,0,NONE
132,37.2888318333,127.1074493333,11.897,13.711,0.000,0.000,0.000,1,1,2.00,0,NONE
133,37.2888310000,127.1074521667,12.148,13.618,0.000,0.000,0.000,1,1,2.00,0,NONE
134,37.2888303333,127.1074550000,12.399,13.544,0.000,0.000,0.000,1,1,2.00,0,NONE
135,37.2888295000,127.1074578333,12.650,13.451,0.000,0.000,0.000,1,1,2.00,0,NONE
136,37.2888288333,127.1074606667,12.901,13.377,0.000,0.000,0.000,1,1,2.00,0,NONE
137,37.2888283333,127.1074635000,13.152,13.321,0.000,0.000,0.000,1,1,2.00,0,NONE
138,37.2888276667,127.1074665000,13.418,13.247,0.000,0.000,0.000,1,1,2.00,0,NONE
139,37.2888268333,127.1074693333,13.669,13.154,0.000,0.000,0.000,1,1,2.00,0,NONE
140,37.2888260000,127.1074721667,13.920,13.062,0.000,0.000,0.000,1,1,2.00,0,NONE
141,37.2888253333,127.1074736667,14.052,12.987,0.000,0.000,0.000,1,1,2.00,0,NONE
142,37.2888245000,127.1074763333,14.289,12.895,0.000,0.000,0.000,1,1,2.00,0,NONE
143,37.2888240000,127.1074791667,14.539,12.839,0.000,0.000,0.000,1,1,2.00,0,NONE
144,37.2888231667,127.1074818333,14.776,12.746,0.000,0.000,0.000,1,1,2.00,0,NONE
145,37.2888223333,127.1074846667,15.027,12.653,0.000,0.000,0.000,1,1,2.00,0,NONE
146,37.2888215000,127.1074873333,15.263,12.561,0.000,0.000,0.000,1,1,2.00,0,NONE
147,37.2888206667,127.1074901667,15.514,12.468,0.000,0.000,0.000,1,1,2.00,0,NONE
148,37.2888201667,127.1074928333,15.750,12.412,0.000,0.000,0.000,1,1,2.00,0,NONE
149,37.2888193333,127.1074955000,15.986,12.319,0.000,0.000,0.000,1,1,2.00,0,NONE
150,37.2888186667,127.1074983333,16.237,12.245,0.000,0.000,0.000,1,1,2.00,0,NONE
151,37.2888176667,127.1075010000,16.473,12.134,0.000,0.000,0.000,1,1,2.00,0,NONE
152,37.2888168333,127.1075036667,16.709,12.041,0.000,0.000,0.000,1,1,2.00,0,NONE
153,37.2888160000,127.1075065000,16.960,11.948,0.000,0.000,0.000,1,1,2.00,0,NONE
154,37.2888153333,127.1075091667,17.196,11.874,0.000,0.000,0.000,1,1,2.00,0,NONE
155,37.2888145000,127.1075121667,17.462,11.781,0.000,0.000,0.000,1,1,2.00,0,NONE
156,37.2888136667,127.1075150000,17.713,11.689,0.000,0.000,0.000,1,1,2.00,0,NONE
157,37.2888128333,127.1075176667,17.949,11.596,0.000,0.000,0.000,1,1,2.00,0,NONE
158,37.2888121667,127.1075205000,18.200,11.522,0.000,0.000,0.000,1,1,2.00,0,NONE
159,37.2888115000,127.1075233333,18.451,11.447,0.000,0.000,0.000,1,1,2.00,0,NONE
160,37.2888106667,127.1075261667,18.702,11.355,0.000,0.000,0.000,1,1,2.00,0,NONE
161,37.2888098333,127.1075288333,18.938,11.262,0.000,0.000,0.000,1,1,2.00,0,NONE
162,37.2888088333,127.1075316667,19.189,11.151,0.000,0.000,0.000,1,1,2.00,0,NONE
163,37.2888080000,127.1075343333,19.425,11.058,0.000,0.000,0.000,1,1,2.00,0,NONE
164,37.2888073333,127.1075370000,19.662,10.984,0.000,0.000,0.000,1,1,2.00,0,NONE
165,37.2888066667,127.1075398333,19.912,10.909,0.000,0.000,0.000,1,1,2.00,0,NONE
166,37.2888060000,127.1075426667,20.163,10.835,0.000,0.000,0.000,1,1,2.00,0,NONE
167,37.2888048333,127.1075453333,20.400,10.705,0.000,0.000,0.000,1,1,2.00,0,NONE
168,37.2888038333,127.1075481667,20.650,10.594,0.000,0.000,0.000,1,1,2.00,0,NONE
169,37.2888033333,127.1075510000,20.901,10.538,0.000,0.000,0.000,1,1,2.00,0,NONE
170,37.2888026667,127.1075540000,21.167,10.464,0.000,0.000,0.000,1,1,2.00,0,NONE
171,37.2888021667,127.1075566667,21.403,10.408,0.000,0.000,0.000,1,1,2.00,0,NONE
172,37.2888013333,127.1075595000,21.654,10.316,0.000,0.000,0.000,1,1,2.00,0,NONE
173,37.2888005000,127.1075621667,21.890,10.223,0.000,0.000,0.000,1,1,2.00,0,NONE
174,37.2887996667,127.1075650000,22.141,10.130,0.000,0.000,0.000,1,1,2.00,0,NONE
175,37.2887990000,127.1075680000,22.407,10.056,0.000,0.000,0.000,1,1,2.00,0,NONE
176,37.2887983333,127.1075708333,22.658,9.982,0.000,0.000,0.000,1,1,2.00,0,NONE
177,37.2887976667,127.1075738333,22.924,9.907,0.000,0.000,0.000,1,1,2.00,0,NONE
178,37.2887966667,127.1075765000,23.160,9.796,0.000,0.000,0.000,1,1,2.00,0,NONE
179,37.2887958333,127.1075791667,23.396,9.703,0.000,0.000,0.000,1,1,2.00,0,NONE
180,37.2887950000,127.1075816667,23.617,9.611,0.000,0.000,0.000,1,1,2.00,0,NONE
181,37.2887941667,127.1075841667,23.839,9.518,0.000,0.000,0.000,1,1,2.00,0,NONE
182,37.2887933333,127.1075870000,24.090,9.425,0.000,0.000,0.000,1,1,2.00,0,NONE
183,37.2887921667,127.1075893333,24.296,9.295,0.000,0.000,0.000,1,1,2.00,0,NONE
184,37.2887913333,127.1075918333,24.518,9.202,0.000,0.000,0.000,1,1,2.00,0,NONE
185,37.2887905000,127.1075943333,24.739,9.110,0.000,0.000,0.000,1,1,2.00,0,NONE
186,37.2887898333,127.1075970000,24.975,9.035,0.000,0.000,0.000,1,1,2.00,0,NONE
187,37.2887893333,127.1075996667,25.212,8.980,0.000,0.000,0.000,1,1,2.00,0,NONE
188,37.2887885000,127.1076018333,25.404,8.887,0.000,0.000,0.000,1,1,2.00,0,NONE
189,37.2887878333,127.1076038333,25.581,8.813,0.000,0.000,0.000,1,1,2.00,0,NONE
190,37.2887870000,127.1076058333,25.758,8.720,0.000,0.000,0.000,1,1,2.00,0,NONE
191,37.2887865000,127.1076078333,25.935,8.664,0.000,0.000,0.000,1,1,2.00,0,NONE
192,37.2887861667,127.1076103333,26.156,8.627,0.000,0.000,0.000,1,1,2.00,0,NONE
193,37.2887858333,127.1076123333,26.333,8.590,0.000,0.000,0.000,1,1,2.00,0,NONE
194,37.2887851667,127.1076138333,26.466,8.516,0.000,0.000,0.000,1,1,2.00,0,NONE
195,37.2887848333,127.1076156667,26.629,8.479,0.000,0.000,0.000,1,1,2.00,0,NONE
196,37.2887848333,127.1076175000,26.791,8.479,0.000,0.000,0.000,1,1,2.00,0,NONE
