timestamp,route_index,reference_x_m,reference_y_m,actual_x_m,actual_y_m,cross_track_error_m,mean_error_m,rmse_m,max_error_m,accuracy_pct,route_progress_pct,gps_stability,encoder_count,encoder_distance_m
1787463191.842426777,0,0.000000,0.000000,0.000000,0.000000,0.000000,0.000000,0.000000,0.000000,100.000,0.000,,,
1787463212.903522491,0,0.000000,0.000000,0.000000,0.000000,0.000000,0.000000,0.000000,0.000000,100.000,0.000,100.000,,
1787463213.004098654,0,0.000000,0.000000,0.000000,0.000000,0.000000,0.000000,0.000000,0.000000,100.000,0.000,100.000,,
1787463213.104155779,0,0.000000,0.000000,0.000000,0.000000,0.000000,0.000000,0.000000,0.000000,100.000,0.000,100.000,,
1787463213.204071283,0,0.000000,0.000000,0.000000,0.000000,0.000000,0.000000,0.000000,0.000000,100.000,0.000,100.000,,
1787463213.303946972,0,0.000000,0.000000,0.000000,0.000000,0.000000,0.000000,0.000000,0.000000,100.000,0.000,100.000,,
1787463213.404063702,0,0.000000,0.000000,0.000000,0.000000,0.000000,0.000000,0.000000,0.000000,100.000,0.000,100.000,,
1787463213.504194498,0,0.000000,0.000000,0.000000,0.000000,0.000000,0.000000,0.000000,0.000000,100.000,0.000,100.000,,
1787463213.603961468,0,0.000000,0.000000,0.000000,0.000000,0.000000,0.000000,0.000000,0.000000,100.000,0.000,100.000,,
1787463213.703938007,0,0.000000,0.000000,0.000000,0.000000,0.000000,0.000000,0.000000,0.000000,100.000,0.000,100.000,,
1787463213.803930521,0,0.000000,0.000000,0.000000,0.000000,0.000000,0.000000,0.000000,0.000000,100.000,0.000,100.000,,
1787463213.903988361,0,0.000000,0.000000,0.000000,0.000000,0.000000,0.000000,0.000000,0.000000,100.000,0.000,100.000,,
1787463214.003816605,0,0.000000,0.000000,0.000000,0.000000,0.000000,0.000000,0.000000,0.000000,100.000,0.000,100.000,,
1787463214.103894234,0,0.000000,0.000000,0.000000,0.000000,0.000000,0.000000,0.000000,0.000000,100.000,0.000,100.000,,
1787463214.203946829,0,0.000000,0.000000,0.000000,0.000000,0.000000,0.000000,0.000000,0.000000,100.000,0.000,100.000,,
1787463214.304049015,0,0.000000,0.000000,0.000000,0.000000,0.000000,0.000000,0.000000,0.000000,100.000,0.000,100.000,,
1787463214.403740168,0,0.000000,0.000000,0.000000,0.000000,0.000000,0.000000,0.000000,0.000000,100.000,0.000,100.000,,
1787463214.503743649,0,0.000000,0.000000,0.000000,0.000000,0.000000,0.000000,0.000000,0.000000,100.000,0.000,100.000,,
1787463214.603777647,0,0.000000,0.000000,0.000000,0.000000,0.000000,0.000000,0.000000,0.000000,100.000,0.000,100.000,,
1787463214.703813553,0,0.000000,0.000000,0.000000,0.000000,0.000000,0.000000,0.000000,0.000000,100.000,0.000,100.000,,
1787463214.804267645,0,0.000000,0.000000,0.000000,0.000000,0.000000,0.000000,0.000000,0.000000,100.000,0.000,100.000,,
1787463214.903959751,0,0.000000,0.000000,0.000000,0.000000,0.000000,0.000000,0.000000,0.000000,100.000,0.000,100.000,,
1787463215.003731966,0,0.000000,0.000000,0.000000,0.000000,0.000000,0.000000,0.000000,0.000000,100.000,0.000,100.000,,
1787463215.103633404,0,0.000000,0.000000,0.000000,0.000000,0.000000,0.000000,0.000000,0.000000,100.000,0.000,100.000,,
1787463215.203936338,0,0.000000,0.000000,0.000000,0.000000,0.000000,0.000000,0.000000,0.000000,100.000,0.000,100.000,,
1787463215.303953409,0,0.000000,0.000000,0.000000,0.000000,0.000000,0.000000,0.000000,0.000000,100.000,0.000,100.000,,
1787463215.403715611,0,0.000000,0.000000,0.000000,0.000000,0.000000,0.000000,0.000000,0.000000,100.000,0.000,100.000,,
1787463215.503896952,0,0.000000,0.000000,0.000000,0.000000,0.000000,0.000000,0.000000,0.000000,100.000,0.000,100.000,,
1787463215.603916883,0,0.000000,0.000000,0.000000,0.000000,0.000000,0.000000,0.000000,0.000000,100.000,0.000,100.000,,
1787463215.704011917,0,0.000000,0.000000,0.000000,0.000000,0.000000,0.000000,0.000000,0.000000,100.000,0.000,100.000,,
1787463215.803946972,0,0.000000,0.000000,0.000000,0.000000,0.000000,0.000000,0.000000,0.000000,100.000,0.000,100.000,,
1787463215.903943300,0,0.000000,0.000000,0.000000,0.000000,0.000000,0.000000,0.000000,0.000000,100.000,0.000,100.000,,
1787463216.003682137,0,0.000000,0.000000,0.000000,0.000000,0.000000,0.000000,0.000000,0.000000,100.000,0.000,100.000,,
1787463216.103741884,0,0.000000,0.000000,0.000000,0.000000,0.000000,0.000000,0.000000,0.000000,100.000,0.000,100.000,,
1787463216.203978777,0,0.000000,0.000000,0.000000,0.000000,0.000000,0.000000,0.000000,0.000000,100.000,0.000,100.000,,
1787463216.303689957,0,0.000000,0.000000,0.000000,0.000000,0.000000,0.000000,0.000000,0.000000,100.000,0.000,100.000,,
1787463216.404329777,0,0.000000,0.000000,0.000000,0.000000,0.000000,0.000000,0.000000,0.000000,100.000,0.000,100.000,,
1787463216.504062653,0,0.000000,0.000000,0.000000,0.000000,0.000000,0.000000,0.000000,0.000000,100.000,0.000,100.000,,
1787463216.604002714,0,0.000000,0.000000,0.000000,0.000000,0.000000,0.000000,0.000000,0.000000,100.000,0.000,100.000,,
1787463216.703792095,0,0.000000,0.000000,0.000000,0.000000,0.000000,0.000000,0.000000,0.000000,100.000,0.000,100.000,,
1787463216.804008245,0,0.000000,0.000000,0.000000,0.000000,0.000000,0.000000,0.000000,0.000000,100.000,0.000,100.000,,
1787463216.903916597,0,0.000000,0.000000,0.000000,0.000000,0.000000,0.000000,0.000000,0.000000,100.000,0.000,100.000,,
1787463217.003961086,0,0.000000,0.000000,0.000000,0.000000,0.000000,0.000000,0.000000,0.000000,100.000,0.000,100.000,,
1787463217.103829145,0,0.000000,0.000000,0.000000,0.000000,0.000000,0.000000,0.000000,0.000000,100.000,0.000,100.000,,
1787463217.203807116,0,0.000000,0.000000,0.000000,0.000000,0.000000,0.000000,0.000000,0.000000,100.000,0.000,100.000,,
1787463217.303940296,0,0.000000,0.000000,0.000000,0.000000,0.000000,0.000000,0.000000,0.000000,100.000,0.000,100.000,,
1787463217.404114723,0,0.000000,0.000000,0.000000,0.000000,0.000000,0.000000,0.000000,0.000000,100.000,0.000,100.000,,
1787463217.503867865,0,0.000000,0.000000,0.000000,0.000000,0.000000,0.000000,0.000000,0.000000,100.000,0.000,100.000,,
1787463217.603864670,0,0.000000,0.000000,0.000000,0.000000,0.000000,0.000000,0.000000,0.000000,100.000,0.000,100.000,,
1787463217.703739166,0,0.000000,0.000000,0.000000,0.000000,0.000000,0.000000,0.000000,0.000000,100.000,0.000,100.000,,
1787463217.804207802,0,0.000000,0.000000,0.000000,0.000000,0.000000,0.000000,0.000000,0.000000,100.000,0.000,100.000,,
1787463217.903741360,0,0.000000,0.000000,0.000000,0.000000,0.000000,0.000000,0.000000,0.000000,100.000,0.000,100.000,,
1787463218.003852367,0,0.000000,0.000000,0.000000,0.000000,0.000000,0.000000,0.000000,0.000000,100.000,0.000,100.000,,
1787463218.103740692,0,0.000000,0.000000,0.000000,0.000000,0.000000,0.000000,0.000000,0.000000,100.000,0.000,100.000,,
1787463218.204005480,0,0.000000,0.000000,0.000000,0.000000,0.000000,0.000000,0.000000,0.000000,100.000,0.000,100.000,,
1787463218.303836584,0,0.000000,0.000000,0.000000,0.000000,0.000000,0.000000,0.000000,0.000000,100.000,0.000,100.000,,
1787463218.404054880,0,0.000000,0.000000,0.000000,0.000000,0.000000,0.000000,0.000000,0.000000,100.000,0.000,100.000,,
1787463218.503654480,0,0.000000,0.000000,0.000000,0.000000,0.000000,0.000000,0.000000,0.000000,100.000,0.000,100.000,,
1787463218.603936195,0,0.000000,0.000000,0.000000,0.000000,0.000000,0.000000,0.000000,0.000000,100.000,0.000,100.000,,
1787463218.703754902,0,0.000000,0.000000,0.000000,0.000000,0.000000,0.000000,0.000000,0.000000,100.000,0.000,100.000,,
1787463218.804090261,0,0.000000,0.000000,0.000000,0.000000,0.000000,0.000000,0.000000,0.000000,100.000,0.000,100.000,,
1787463218.903872252,0,0.000000,0.000000,0.000000,0.000000,0.000000,0.000000,0.000000,0.000000,100.000,0.000,100.000,,
1787463219.004045486,0,0.000000,0.000000,0.000000,0.000000,0.000000,0.000000,0.000000,0.000000,100.000,0.000,100.000,,
1787463219.103867531,0,0.000000,0.000000,0.000000,0.000000,0.000000,0.000000,0.000000,0.000000,100.000,0.000,100.000,,
1787463219.204424381,0,0.000000,0.000000,0.000000,0.000000,0.000000,0.000000,0.000000,0.000000,100.000,0.000,100.000,,
1787463219.304079294,0,0.000000,0.000000,0.000000,0.000000,0.000000,0.000000,0.000000,0.000000,100.000,0.000,100.000,,
1787463219.404095888,0,0.000000,0.000000,0.000000,0.000000,0.000000,0.000000,0.000000,0.000000,100.000,0.000,100.000,,
1787463219.503963232,0,0.000000,0.000000,0.000000,0.000000,0.000000,0.000000,0.000000,0.000000,100.000,0.000,100.000,,
1787463219.604138136,0,0.000000,0.000000,0.000000,0.000000,0.000000,0.000000,0.000000,0.000000,100.000,0.000,100.000,,
1787463219.703907728,0,0.000000,0.000000,0.000000,0.000000,0.000000,0.000000,0.000000,0.000000,100.000,0.000,100.000,,
1787463219.803723097,0,0.000000,0.000000,0.000000,0.000000,0.000000,0.000000,0.000000,0.000000,100.000,0.000,100.000,,
1787463219.903962851,0,0.000000,0.000000,0.000000,0.000000,0.000000,0.000000,0.000000,0.000000,100.000,0.000,100.000,,
1787463220.004197836,0,0.000000,0.000000,0.000000,0.000000,0.000000,0.000000,0.000000,0.000000,100.000,0.000,100.000,,
1787463220.104129076,0,0.000000,0.000000,0.000000,0.000000,0.000000,0.000000,0.000000,0.000000,100.000,0.000,100.000,,
1787463220.203781843,0,0.000000,0.000000,0.000000,0.000000,0.000000,0.000000,0.000000,0.000000,100.000,0.000,100.000,,
1787463220.303752422,0,0.000000,0.000000,0.000000,0.000000,0.000000,0.000000,0.000000,0.000000,100.000,0.000,100.000,,
1787463220.404078007,0,0.000000,0.000000,0.000000,0.000000,0.000000,0.000000,0.000000,0.000000,100.000,0.000,100.000,,
1787463220.503816128,0,0.000000,0.000000,0.000000,0.000000,0.000000,0.000000,0.000000,0.000000,100.000,0.000,100.000,,
1787463220.603955269,0,0.000000,0.000000,0.000000,0.000000,0.000000,0.000000,0.000000,0.000000,100.000,0.000,100.000,,
1787463220.703922987,0,0.000000,0.000000,0.000000,0.000000,0.000000,0.000000,0.000000,0.000000,100.000,0.000,100.000,,
1787463220.803798914,0,0.000000,0.000000,0.000000,0.000000,0.000000,0.000000,0.000000,0.000000,100.000,0.000,100.000,,
1787463220.904084444,0,0.000000,0.000000,0.000000,0.000000,0.000000,0.000000,0.000000,0.000000,100.000,0.000,100.000,,
1787463221.003878355,0,0.000000,0.000000,0.000000,0.000000,0.000000,0.000000,0.000000,0.000000,100.000,0.000,100.000,,
1787463221.103718042,0,0.000000,0.000000,0.000000,0.000000,0.000000,0.000000,0.000000,0.000000,100.000,0.000,100.000,,
1787463221.203932047,0,0.000000,0.000000,0.000000,0.000000,0.000000,0.000000,0.000000,0.000000,100.000,0.000,100.000,,
1787463221.303771257,0,0.000000,0.000000,0.000000,0.000000,0.000000,0.000000,0.000000,0.000000,100.000,0.000,100.000,,
1787463221.403802395,0,0.000000,0.000000,0.000000,0.000000,0.000000,0.000000,0.000000,0.000000,100.000,0.000,100.000,,
1787463221.503962755,0,0.000000,0.000000,0.000000,0.000000,0.000000,0.000000,0.000000,0.000000,100.000,0.000,100.000,,
1787463221.603717327,0,0.000000,0.000000,0.000000,0.000000,0.000000,0.000000,0.000000,0.000000,100.000,0.000,100.000,,
1787463221.703534603,0,0.000000,0.000000,0.000000,0.000000,0.000000,0.000000,0.000000,0.000000,100.000,0.000,100.000,,
1787463221.803612471,0,0.000000,0.000000,0.000000,0.000000,0.000000,0.000000,0.000000,0.000000,100.000,0.000,100.000,,
1787463221.904081106,0,0.000000,0.000000,0.000000,0.000000,0.000000,0.000000,0.000000,0.000000,100.000,0.000,100.000,,
1787463222.004380941,0,0.000000,0.000000,0.000000,0.000000,0.000000,0.000000,0.000000,0.000000,100.000,0.000,100.000,,
1787463222.104152918,0,0.000000,0.000000,0.000000,0.000000,0.000000,0.000000,0.000000,0.000000,100.000,0.000,100.000,,
1787463222.204420805,0,0.000000,0.000000,0.000000,0.000000,0.000000,0.000000,0.000000,0.000000,100.000,0.000,100.000,,
1787463222.304237604,0,0.000000,0.000000,0.000000,0.000000,0.000000,0.000000,0.000000,0.000000,100.000,0.000,100.000,,
1787463222.404578924,0,0.000000,0.000000,0.000000,0.000000,0.000000,0.000000,0.000000,0.000000,100.000,0.000,100.000,,
1787463222.504066229,0,0.000000,0.000000,0.000000,0.000000,0.000000,0.000000,0.000000,0.000000,100.000,0.000,100.000,,
1787463222.603749752,0,0.000000,0.000000,0.000000,0.000000,0.000000,0.000000,0.000000,0.000000,100.000,0.000,100.000,,
1787463222.704301119,0,0.000000,0.000000,0.000000,0.000000,0.000000,0.000000,0.000000,0.000000,100.000,0.000,100.000,,
1787463222.803667784,0,0.000000,0.000000,0.000000,0.000000,0.000000,0.000000,0.000000,0.000000,100.000,0.000,100.000,,
1787463222.903573990,0,0.000000,0.000000,0.000000,0.000000,0.000000,0.000000,0.000000,0.000000,100.000,0.000,100.000,,
1787463223.004105568,0,0.000000,0.000000,0.000000,0.000000,0.000000,0.000000,0.000000,0.000000,100.000,0.000,100.000,,
1787463223.103749752,0,0.000000,0.000000,0.000000,0.000000,0.000000,0.000000,0.000000,0.000000,100.000,0.000,100.000,,
1787463223.204130888,0,0.000000,0.000000,0.000000,0.000000,0.000000,0.000000,0.000000,0.000000,100.000,0.000,100.000,,
1787463223.304240465,0,0.000000,0.000000,0.000000,0.000000,0.000000,0.000000,0.000000,0.000000,100.000,0.000,100.000,,
1787463223.404220104,0,0.000000,0.000000,0.000000,0.000000,0.000000,0.000000,0.000000,0.000000,100.000,0.000,100.000,,
1787463223.504018784,0,0.000000,0.000000,0.000000,0.000000,0.000000,0.000000,0.000000,0.000000,100.000,0.000,100.000,,
1787463223.603758812,0,0.000000,0.000000,0.000000,0.000000,0.000000,0.000000,0.000000,0.000000,100.000,0.000,100.000,,
1787463223.704383373,0,0.000000,0.000000,0.000000,0.000000,0.000000,0.000000,0.000000,0.000000,100.000,0.000,100.000,,
1787463223.804342270,0,0.000000,0.000000,0.000000,0.000000,0.000000,0.000000,0.000000,0.000000,100.000,0.000,100.000,,
1787463223.904229403,0,0.000000,0.000000,0.000000,0.000000,0.000000,0.000000,0.000000,0.000000,100.000,0.000,100.000,,
1787463224.003741503,0,0.000000,0.000000,0.000000,0.000000,0.000000,0.000000,0.000000,0.000000,100.000,0.000,100.000,,
1787463224.103527308,0,0.000000,0.000000,0.000000,0.000000,0.000000,0.000000,0.000000,0.000000,100.000,0.000,100.000,,
1787463224.203799486,0,0.000000,0.000000,0.000000,0.000000,0.000000,0.000000,0.000000,0.000000,100.000,0.000,100.000,,
1787463224.303823471,0,0.000000,0.000000,0.000000,0.000000,0.000000,0.000000,0.000000,0.000000,100.000,0.000,100.000,,
1787463224.404106855,0,0.000000,0.000000,0.000000,0.000000,0.000000,0.000000,0.000000,0.000000,100.000,0.000,100.000,,
1787463224.503532410,0,0.000000,0.000000,0.000000,0.000000,0.000000,0.000000,0.000000,0.000000,100.000,0.000,100.000,,
1787463224.603778839,0,0.000000,0.000000,0.000000,0.000000,0.000000,0.000000,0.000000,0.000000,100.000,0.000,100.000,,
1787463224.704346895,0,0.000000,0.000000,0.000000,0.000000,0.000000,0.000000,0.000000,0.000000,100.000,0.000,100.000,,
1787463224.803727150,0,0.000000,0.000000,0.000000,0.000000,0.000000,0.000000,0.000000,0.000000,100.000,0.000,100.000,,
1787463224.904512405,0,0.000000,0.000000,0.000000,0.000000,0.000000,0.000000,0.000000,0.000000,100.000,0.000,100.000,,
1787463225.003605604,0,0.000000,0.000000,0.000000,0.000000,0.000000,0.000000,0.000000,0.000000,100.000,0.000,100.000,,
1787463225.104212761,0,0.000000,0.000000,0.000000,0.000000,0.000000,0.000000,0.000000,0.000000,100.000,0.000,100.000,,
1787463225.204056978,0,0.000000,0.000000,0.000000,0.000000,0.000000,0.000000,0.000000,0.000000,100.000,0.000,100.000,,
1787463225.304229021,0,0.000000,0.000000,0.000000,0.000000,0.000000,0.000000,0.000000,0.000000,100.000,0.000,100.000,,
1787463225.404159069,0,0.000000,0.000000,0.000000,0.000000,0.000000,0.000000,0.000000,0.000000,100.000,0.000,100.000,,
1787463225.503478289,0,0.000000,0.000000,0.000000,0.000000,0.000000,0.000000,0.000000,0.000000,100.000,0.000,100.000,,
1787463225.603711367,0,0.000000,0.000000,0.000000,0.000000,0.000000,0.000000,0.000000,0.000000,100.000,0.000,100.000,,
1787463225.704008341,0,0.000000,0.000000,0.000000,0.000000,0.000000,0.000000,0.000000,0.000000,100.000,0.000,100.000,,
1787463225.803920746,0,0.000000,0.000000,0.000000,0.000000,0.000000,0.000000,0.000000,0.000000,100.000,0.000,100.000,,
1787463225.904328346,0,0.000000,0.000000,0.000000,0.000000,0.000000,0.000000,0.000000,0.000000,100.000,0.000,100.000,,
1787463226.003938675,0,0.000000,0.000000,0.000000,0.000000,0.000000,0.000000,0.000000,0.000000,100.000,0.000,100.000,,
1787463226.103716373,0,0.000000,0.000000,0.000000,0.000000,0.000000,0.000000,0.000000,0.000000,100.000,0.000,100.000,,
1787463226.203841686,0,0.000000,0.000000,0.000000,0.000000,0.000000,0.000000,0.000000,0.000000,100.000,0.000,100.000,,
1787463226.303956747,0,0.000000,0.000000,0.000000,0.000000,0.000000,0.000000,0.000000,0.000000,100.000,0.000,100.000,,
1787463226.403718710,0,0.000000,0.000000,0.000000,0.000000,0.000000,0.000000,0.000000,0.000000,100.000,0.000,100.000,,
1787463226.503785849,0,0.000000,0.000000,0.000000,0.000000,0.000000,0.000000,0.000000,0.000000,100.000,0.000,100.000,,
1787463226.603826046,0,0.000000,0.000000,0.000000,0.000000,0.000000,0.000000,0.000000,0.000000,100.000,0.000,100.000,,
1787463226.704107046,0,0.000000,0.000000,0.000000,0.000000,0.000000,0.000000,0.000000,0.000000,100.000,0.000,100.000,,
1787463226.803760290,0,0.000000,0.000000,0.000000,0.000000,0.000000,0.000000,0.000000,0.000000,100.000,0.000,100.000,,
1787463226.903818846,0,0.000000,0.000000,0.000000,0.000000,0.000000,0.000000,0.000000,0.000000,100.000,0.000,100.000,,
1787463227.003535986,0,0.000000,0.000000,0.000000,0.000000,0.000000,0.000000,0.000000,0.000000,100.000,0.000,100.000,,
1787463227.103542328,0,0.000000,0.000000,0.000000,0.000000,0.000000,0.000000,0.000000,0.000000,100.000,0.000,100.000,,
1787463227.203741789,0,0.000000,0.000000,0.000000,0.000000,0.000000,0.000000,0.000000,0.000000,100.000,0.000,100.000,,
1787463227.303805590,0,0.000000,0.000000,0.000000,0.000000,0.000000,0.000000,0.000000,0.000000,100.000,0.000,100.000,,
1787463227.404071331,0,0.000000,0.000000,0.000000,0.000000,0.000000,0.000000,0.000000,0.000000,100.000,0.000,100.000,,
1787463227.504143715,0,0.000000,0.000000,0.000000,0.000000,0.000000,0.000000,0.000000,0.000000,100.000,0.000,100.000,,
1787463227.604332209,0,0.000000,0.000000,0.000000,0.000000,0.000000,0.000000,0.000000,0.000000,100.000,0.000,100.000,,
1787463227.704214334,0,0.000000,0.000000,0.000000,0.000000,0.000000,0.000000,0.000000,0.000000,100.000,0.000,100.000,,
1787463227.804198980,0,0.000000,0.000000,0.000000,0.000000,0.000000,0.000000,0.000000,0.000000,100.000,0.000,100.000,,
1787463227.904341698,0,0.000000,0.000000,0.000000,0.000000,0.000000,0.000000,0.000000,0.000000,100.000,0.000,100.000,,
1787463228.004434586,0,0.000000,0.000000,0.000000,0.000000,0.000000,0.000000,0.000000,0.000000,100.000,0.000,100.000,,
1787463228.103750229,0,0.000000,0.000000,0.000000,0.000000,0.000000,0.000000,0.000000,0.000000,100.000,0.000,100.000,,
1787463228.204023600,0,0.000000,0.000000,0.000000,0.000000,0.000000,0.000000,0.000000,0.000000,100.000,0.000,100.000,,
1787463228.303902626,0,0.000000,0.000000,0.000000,0.000000,0.000000,0.000000,0.000000,0.000000,100.000,0.000,100.000,,
1787463228.404185534,0,0.000000,0.000000,0.000000,0.000000,0.000000,0.000000,0.000000,0.000000,100.000,0.000,100.000,,
1787463228.504020691,0,0.000000,0.000000,0.000000,0.000000,0.000000,0.000000,0.000000,0.000000,100.000,0.000,100.000,,
1787463228.604167461,0,0.000000,0.000000,0.000000,0.000000,0.000000,0.000000,0.000000,0.000000,100.000,0.000,100.000,,
1787463228.704473019,0,0.000000,0.000000,0.000000,0.000000,0.000000,0.000000,0.000000,0.000000,100.000,0.000,100.000,,
1787463228.803944349,0,0.000000,0.000000,0.000000,0.000000,0.000000,0.000000,0.000000,0.000000,100.000,0.000,100.000,,
1787463228.904241562,0,0.000000,0.000000,0.000000,0.000000,0.000000,0.000000,0.000000,0.000000,100.000,0.000,100.000,,
1787463229.003697157,0,0.000000,0.000000,0.000000,0.000000,0.000000,0.000000,0.000000,0.000000,100.000,0.000,100.000,,
1787463229.103902102,0,0.000000,0.000000,0.000000,0.000000,0.000000,0.000000,0.000000,0.000000,100.000,0.000,100.000,,
1787463229.204014778,0,0.000000,0.000000,0.000000,0.000000,0.000000,0.000000,0.000000,0.000000,100.000,0.000,100.000,,
1787463229.303987265,0,0.000000,0.000000,0.000000,0.000000,0.000000,0.000000,0.000000,0.000000,100.000,0.000,100.000,,
1787463229.403874874,0,0.000000,0.000000,0.000000,0.000000,0.000000,0.000000,0.000000,0.000000,100.000,0.000,100.000,,
1787463229.503760576,0,0.000000,0.000000,0.000000,0.000000,0.000000,0.000000,0.000000,0.000000,100.000,0.000,100.000,,
1787463229.604019165,0,0.000000,0.000000,0.000000,0.000000,0.000000,0.000000,0.000000,0.000000,100.000,0.000,100.000,,
1787463229.703825474,0,0.000000,0.000000,0.000000,0.000000,0.000000,0.000000,0.000000,0.000000,100.000,0.000,100.000,,
1787463229.803976297,0,0.000000,0.000000,0.000000,0.000000,0.000000,0.000000,0.000000,0.000000,100.000,0.000,100.000,,
1787463229.904174566,0,0.000000,0.000000,0.000000,0.000000,0.000000,0.000000,0.000000,0.000000,100.000,0.000,100.000,,
1787463230.003996134,0,0.000000,0.000000,0.000000,0.000000,0.000000,0.000000,0.000000,0.000000,100.000,0.000,100.000,,
1787463230.103958845,0,0.000000,0.000000,0.000000,0.000000,0.000000,0.000000,0.000000,0.000000,100.000,0.000,100.000,,
1787463230.203746557,0,0.000000,0.000000,0.000000,0.000000,0.000000,0.000000,0.000000,0.000000,100.000,0.000,100.000,,
1787463230.303702831,0,0.000000,0.000000,0.000000,0.000000,0.000000,0.000000,0.000000,0.000000,100.000,0.000,100.000,,
1787463230.403724432,0,0.000000,0.000000,0.000000,0.000000,0.000000,0.000000,0.000000,0.000000,100.000,0.000,100.000,,
1787463230.504157305,0,0.000000,0.000000,0.000000,0.000000,0.000000,0.000000,0.000000,0.000000,100.000,0.000,100.000,,
1787463230.603807449,0,0.000000,0.000000,0.000000,0.000000,0.000000,0.000000,0.000000,0.000000,100.000,0.000,100.000,,
1787463230.704134226,0,0.000000,0.000000,0.000000,0.000000,0.000000,0.000000,0.000000,0.000000,100.000,0.000,100.000,,
1787463230.804188967,0,0.000000,0.000000,0.000000,0.000000,0.000000,0.000000,0.000000,0.000000,100.000,0.000,100.000,,
1787463230.904006958,0,0.000000,0.000000,0.000000,0.000000,0.000000,0.000000,0.000000,0.000000,100.000,0.000,100.000,,
1787463231.004123926,0,0.000000,0.000000,0.000000,0.000000,0.000000,0.000000,0.000000,0.000000,100.000,0.000,100.000,,
1787463231.104057789,0,0.000000,0.000000,0.000000,0.000000,0.000000,0.000000,0.000000,0.000000,100.000,0.000,100.000,,
1787463231.204063892,0,0.000000,0.000000,0.000000,0.000000,0.000000,0.000000,0.000000,0.000000,100.000,0.000,100.000,,
1787463231.304076195,0,0.000000,0.000000,0.000000,0.000000,0.000000,0.000000,0.000000,0.000000,100.000,0.000,100.000,,
1787463231.404253483,0,0.000000,0.000000,0.000000,0.000000,0.000000,0.000000,0.000000,0.000000,100.000,0.000,100.000,,
1787463231.503888845,0,0.000000,0.000000,0.000000,0.000000,0.000000,0.000000,0.000000,0.000000,100.000,0.000,100.000,,
1787463231.604104042,0,0.000000,0.000000,0.000000,0.000000,0.000000,0.000000,0.000000,0.000000,100.000,0.000,100.000,,
1787463231.704018593,0,0.000000,0.000000,0.000000,0.000000,0.000000,0.000000,0.000000,0.000000,100.000,0.000,100.000,,
1787463231.804108381,0,0.000000,0.000000,0.000000,0.000000,0.000000,0.000000,0.000000,0.000000,100.000,0.000,100.000,,
1787463231.903883696,0,0.000000,0.000000,0.000000,0.000000,0.000000,0.000000,0.000000,0.000000,100.000,0.000,100.000,,
1787463232.003837585,0,0.000000,0.000000,0.000000,0.000000,0.000000,0.000000,0.000000,0.000000,100.000,0.000,100.000,,
1787463232.103778839,0,0.000000,0.000000,0.000000,0.000000,0.000000,0.000000,0.000000,0.000000,100.000,0.000,100.000,,
1787463232.204128742,0,0.000000,0.000000,0.000000,0.000000,0.000000,0.000000,0.000000,0.000000,100.000,0.000,100.000,,
1787463232.304100037,0,0.000000,0.000000,0.000000,0.000000,0.000000,0.000000,0.000000,0.000000,100.000,0.000,100.000,,
1787463232.403811455,0,0.000000,0.000000,0.000000,0.000000,0.000000,0.000000,0.000000,0.000000,100.000,0.000,100.000,,
1787463232.503740311,0,0.000000,0.000000,0.000000,0.000000,0.000000,0.000000,0.000000,0.000000,100.000,0.000,100.000,,
1787463232.604087114,0,0.000000,0.000000,0.000000,0.000000,0.000000,0.000000,0.000000,0.000000,100.000,0.000,100.000,,
1787463232.704123497,0,0.000000,0.000000,0.000000,0.000000,0.000000,0.000000,0.000000,0.000000,100.000,0.000,100.000,,
1787463232.804299831,0,0.000000,0.000000,0.000000,0.000000,0.000000,0.000000,0.000000,0.000000,100.000,0.000,100.000,,
1787463232.904076815,0,0.000000,0.000000,0.000000,0.000000,0.000000,0.000000,0.000000,0.000000,100.000,0.000,100.000,,
1787463233.004019976,0,0.000000,0.000000,0.000000,0.000000,0.000000,0.000000,0.000000,0.000000,100.000,0.000,100.000,,
1787463233.104026556,0,0.000000,0.000000,0.000000,0.000000,0.000000,0.000000,0.000000,0.000000,100.000,0.000,100.000,,
1787463233.204055548,0,0.000000,0.000000,0.000000,0.000000,0.000000,0.000000,0.000000,0.000000,100.000,0.000,100.000,,
1787463233.304161310,0,0.000000,0.000000,0.000000,0.000000,0.000000,0.000000,0.000000,0.000000,100.000,0.000,100.000,,
1787463233.404382229,0,0.000000,0.000000,0.000000,0.000000,0.000000,0.000000,0.000000,0.000000,100.000,0.000,100.000,,
1787463233.503956556,0,0.000000,0.000000,0.000000,0.000000,0.000000,0.000000,0.000000,0.000000,100.000,0.000,100.000,,
1787463233.604059696,0,0.000000,0.000000,0.000000,0.000000,0.000000,0.000000,0.000000,0.000000,100.000,0.000,100.000,,
1787463233.703760147,0,0.000000,0.000000,0.000000,0.000000,0.000000,0.000000,0.000000,0.000000,100.000,0.000,100.000,,
1787463233.804377317,0,0.000000,0.000000,0.000000,0.000000,0.000000,0.000000,0.000000,0.000000,100.000,0.000,100.000,,
1787463233.904436111,0,0.000000,0.000000,0.000000,0.000000,0.000000,0.000000,0.000000,0.000000,100.000,0.000,100.000,,
1787463234.004255295,0,0.000000,0.000000,0.000000,0.000000,0.000000,0.000000,0.000000,0.000000,100.000,0.000,100.000,,
1787463234.104212046,0,0.000000,0.000000,0.000000,0.000000,0.000000,0.000000,0.000000,0.000000,100.000,0.000,100.000,,
1787463234.204082012,0,0.000000,0.000000,0.000000,0.000000,0.000000,0.000000,0.000000,0.000000,100.000,0.000,100.000,,
1787463234.304017544,0,0.000000,0.000000,0.000000,0.000000,0.000000,0.000000,0.000000,0.000000,100.000,0.000,100.000,,
1787463234.404337406,0,0.000000,0.000000,0.000000,0.000000,0.000000,0.000000,0.000000,0.000000,100.000,0.000,100.000,,
1787463234.503839016,0,0.000000,0.000000,0.000000,0.000000,0.000000,0.000000,0.000000,0.000000,100.000,0.000,100.000,,
1787463234.604114294,0,0.000000,0.000000,0.000000,0.000000,0.000000,0.000000,0.000000,0.000000,100.000,0.000,100.000,,
1787463234.703936577,0,0.000000,0.000000,0.000000,0.000000,0.000000,0.000000,0.000000,0.000000,100.000,0.000,100.000,,
1787463234.804295540,0,0.000000,0.000000,0.000000,0.000000,0.000000,0.000000,0.000000,0.000000,100.000,0.000,100.000,,
1787463234.903949261,0,0.000000,0.000000,0.000000,0.000000,0.000000,0.000000,0.000000,0.000000,100.000,0.000,100.000,,
1787463235.003874063,0,0.000000,0.000000,0.000000,0.000000,0.000000,0.000000,0.000000,0.000000,100.000,0.000,100.000,,
1787463235.103861094,0,0.000000,0.000000,0.000000,0.000000,0.000000,0.000000,0.000000,0.000000,100.000,0.000,100.000,,
1787463235.203988314,0,0.000000,0.000000,0.000000,0.000000,0.000000,0.000000,0.000000,0.000000,100.000,0.000,100.000,,
1787463235.303942442,0,0.000000,0.000000,0.000000,0.000000,0.000000,0.000000,0.000000,0.000000,100.000,0.000,100.000,,
1787463235.404329062,0,0.000000,0.000000,0.000000,0.000000,0.000000,0.000000,0.000000,0.000000,100.000,0.000,100.000,,
1787463235.503898382,0,0.000000,0.000000,0.000000,0.000000,0.000000,0.000000,0.000000,0.000000,100.000,0.000,100.000,,
1787463235.603983164,0,0.000000,0.000000,0.000000,0.000000,0.000000,0.000000,0.000000,0.000000,100.000,0.000,100.000,,
1787463235.704110622,0,0.000000,0.000000,0.000000,0.000000,0.000000,0.000000,0.000000,0.000000,100.000,0.000,100.000,,
1787463235.804248571,0,0.000000,0.000000,0.000000,0.000000,0.000000,0.000000,0.000000,0.000000,100.000,0.000,100.000,,
1787463235.904294968,0,0.000000,0.000000,0.000000,0.000000,0.000000,0.000000,0.000000,0.000000,100.000,0.000,100.000,,
1787463236.004128933,0,0.000000,0.000000,0.000000,0.000000,0.000000,0.000000,0.000000,0.000000,100.000,0.000,100.000,,
1787463236.103976727,0,0.000000,0.000000,0.000000,0.000000,0.000000,0.000000,0.000000,0.000000,100.000,0.000,100.000,,
1787463236.204304457,0,0.000000,0.000000,0.000000,0.000000,0.000000,0.000000,0.000000,0.000000,100.000,0.000,100.000,,
1787463236.304120541,0,0.000000,0.000000,0.000000,0.000000,0.000000,0.000000,0.000000,0.000000,100.000,0.000,100.000,,
1787463236.404469967,0,0.000000,0.000000,0.000000,0.000000,0.000000,0.000000,0.000000,0.000000,100.000,0.000,100.000,,
1787463236.504321575,0,0.000000,0.000000,0.000000,0.000000,0.000000,0.000000,0.000000,0.000000,100.000,0.000,100.000,,
1787463236.604068995,0,0.000000,0.000000,0.000000,0.000000,0.000000,0.000000,0.000000,0.000000,100.000,0.000,100.000,,
1787463236.703866243,0,0.000000,0.000000,0.000000,0.000000,0.000000,0.000000,0.000000,0.000000,100.000,0.000,100.000,,
1787463236.803976059,0,0.000000,0.000000,0.000000,0.000000,0.000000,0.000000,0.000000,0.000000,100.000,0.000,100.000,,
1787463236.904179096,0,0.000000,0.000000,0.000000,0.000000,0.000000,0.000000,0.000000,0.000000,100.000,0.000,100.000,,
1787463237.004288435,0,0.000000,0.000000,0.000000,0.000000,0.000000,0.000000,0.000000,0.000000,100.000,0.000,100.000,,
1787463237.104002237,0,0.000000,0.000000,0.000000,0.000000,0.000000,0.000000,0.000000,0.000000,100.000,0.000,100.000,,
1787463237.204151392,0,0.000000,0.000000,0.000000,0.000000,0.000000,0.000000,0.000000,0.000000,100.000,0.000,100.000,,
1787463237.304234505,0,0.000000,0.000000,0.000000,0.000000,0.000000,0.000000,0.000000,0.000000,100.000,0.000,100.000,,
1787463237.404130459,0,0.000000,0.000000,0.000000,0.000000,0.000000,0.000000,0.000000,0.000000,100.000,0.000,100.000,,
1787463237.504243612,0,0.000000,0.000000,0.000000,0.000000,0.000000,0.000000,0.000000,0.000000,100.000,0.000,100.000,,
1787463237.604228735,0,0.000000,0.000000,0.000000,0.000000,0.000000,0.000000,0.000000,0.000000,100.000,0.000,100.000,,
1787463237.704110622,0,0.000000,0.000000,0.000000,0.000000,0.000000,0.000000,0.000000,0.000000,100.000,0.000,100.000,,
1787463237.803857803,0,0.000000,0.000000,0.000000,0.000000,0.000000,0.000000,0.000000,0.000000,100.000,0.000,100.000,,
1787463237.903942585,0,0.000000,0.000000,0.000000,0.000000,0.000000,0.000000,0.000000,0.000000,100.000,0.000,100.000,,
1787463238.003857374,0,0.000000,0.000000,0.000000,0.000000,0.000000,0.000000,0.000000,0.000000,100.000,0.000,100.000,,
1787463238.103746891,0,0.000000,0.000000,0.000000,0.000000,0.000000,0.000000,0.000000,0.000000,100.000,0.000,100.000,,
1787463238.203769922,0,0.000000,0.000000,0.000000,0.000000,0.000000,0.000000,0.000000,0.000000,100.000,0.000,100.000,,
1787463238.303865671,0,0.000000,0.000000,0.000000,0.000000,0.000000,0.000000,0.000000,0.000000,100.000,0.000,100.000,,
1787463238.403816700,0,0.000000,0.000000,0.000000,0.000000,0.000000,0.000000,0.000000,0.000000,100.000,0.000,100.000,,
1787463238.504095793,0,0.000000,0.000000,0.000000,0.000000,0.000000,0.000000,0.000000,0.000000,100.000,0.000,100.000,,
1787463238.603799105,0,0.000000,0.000000,0.000000,0.000000,0.000000,0.000000,0.000000,0.000000,100.000,0.000,100.000,,
1787463238.703893423,0,0.000000,0.000000,0.000000,0.000000,0.000000,0.000000,0.000000,0.000000,100.000,0.000,100.000,,
1787463238.804059267,0,0.000000,0.000000,0.000000,0.000000,0.000000,0.000000,0.000000,0.000000,100.000,0.000,100.000,,
1787463238.903829813,0,0.000000,0.000000,0.000000,0.000000,0.000000,0.000000,0.000000,0.000000,100.000,0.000,100.000,,
1787463239.003732681,0,0.000000,0.000000,0.000000,0.000000,0.000000,0.000000,0.000000,0.000000,100.000,0.000,100.000,,
1787463239.104051352,0,0.000000,0.000000,0.000000,0.000000,0.000000,0.000000,0.000000,0.000000,100.000,0.000,100.000,,
1787463239.204130888,0,0.000000,0.000000,0.000000,0.000000,0.000000,0.000000,0.000000,0.000000,100.000,0.000,100.000,,
1787463239.303972721,0,0.000000,0.000000,0.000000,0.000000,0.000000,0.000000,0.000000,0.000000,100.000,0.000,100.000,,
1787463239.403849363,0,0.000000,0.000000,0.000000,0.000000,0.000000,0.000000,0.000000,0.000000,100.000,0.000,100.000,,
1787463239.503849983,0,0.000000,0.000000,0.000000,0.000000,0.000000,0.000000,0.000000,0.000000,100.000,0.000,100.000,,
1787463239.603760719,0,0.000000,0.000000,0.000000,0.000000,0.000000,0.000000,0.000000,0.000000,100.000,0.000,100.000,,
1787463239.704200983,0,0.000000,0.000000,0.000000,0.000000,0.000000,0.000000,0.000000,0.000000,100.000,0.000,100.000,,
1787463239.803815842,0,0.000000,0.000000,0.000000,0.000000,0.000000,0.000000,0.000000,0.000000,100.000,0.000,100.000,,
1787463239.903840780,0,0.000000,0.000000,0.000000,0.000000,0.000000,0.000000,0.000000,0.000000,100.000,0.000,100.000,,
1787463240.003789663,0,0.000000,0.000000,0.000000,0.000000,0.000000,0.000000,0.000000,0.000000,100.000,0.000,100.000,,
1787463240.103648901,0,0.000000,0.000000,0.000000,0.000000,0.000000,0.000000,0.000000,0.000000,100.000,0.000,100.000,,
1787463240.203945160,0,0.000000,0.000000,0.000000,0.000000,0.000000,0.000000,0.000000,0.000000,100.000,0.000,100.000,,
1787463240.304060936,0,0.000000,0.000000,0.000000,0.000000,0.000000,0.000000,0.000000,0.000000,100.000,0.000,100.000,,
1787463240.403908730,0,0.000000,0.000000,0.000000,0.000000,0.000000,0.000000,0.000000,0.000000,100.000,0.000,100.000,,
1787463240.504094362,0,0.000000,0.000000,0.000000,0.000000,0.000000,0.000000,0.000000,0.000000,100.000,0.000,100.000,,
1787463240.604161739,0,0.000000,0.000000,0.000000,0.000000,0.000000,0.000000,0.000000,0.000000,100.000,0.000,100.000,,
1787463240.704255581,0,0.000000,0.000000,0.000000,0.000000,0.000000,0.000000,0.000000,0.000000,100.000,0.000,100.000,,
1787463240.803955317,0,0.000000,0.000000,0.000000,0.000000,0.000000,0.000000,0.000000,0.000000,100.000,0.000,100.000,,
1787463240.904209852,0,0.000000,0.000000,0.000000,0.000000,0.000000,0.000000,0.000000,0.000000,100.000,0.000,100.000,,
1787463241.004124641,0,0.000000,0.000000,0.000000,0.000000,0.000000,0.000000,0.000000,0.000000,100.000,0.000,100.000,,
1787463241.103994370,0,0.000000,0.000000,0.000000,0.000000,0.000000,0.000000,0.000000,0.000000,100.000,0.000,100.000,,
1787463241.204186201,0,0.000000,0.000000,0.000000,0.000000,0.000000,0.000000,0.000000,0.000000,100.000,0.000,100.000,,
1787463241.303729534,0,0.000000,0.000000,0.000000,0.000000,0.000000,0.000000,0.000000,0.000000,100.000,0.000,100.000,,
1787463241.403961420,0,0.000000,0.000000,0.000000,0.000000,0.000000,0.000000,0.000000,0.000000,100.000,0.000,100.000,,
1787463241.504026413,0,0.000000,0.000000,0.000000,0.000000,0.000000,0.000000,0.000000,0.000000,100.000,0.000,100.000,,
1787463241.603846073,0,0.000000,0.000000,0.000000,0.000000,0.000000,0.000000,0.000000,0.000000,100.000,0.000,100.000,,
1787463241.704246044,0,0.000000,0.000000,0.000000,0.000000,0.000000,0.000000,0.000000,0.000000,100.000,0.000,100.000,,
1787463241.803518295,0,0.000000,0.000000,0.000000,0.000000,0.000000,0.000000,0.000000,0.000000,100.000,0.000,100.000,,
1787463241.904517174,0,0.000000,0.000000,0.000000,0.000000,0.000000,0.000000,0.000000,0.000000,100.000,0.000,100.000,,
1787463242.004094839,0,0.000000,0.000000,0.000000,0.000000,0.000000,0.000000,0.000000,0.000000,100.000,0.000,100.000,,
1787463242.103611231,0,0.000000,0.000000,0.000000,0.000000,0.000000,0.000000,0.000000,0.000000,100.000,0.000,100.000,,
1787463242.203686714,0,0.000000,0.000000,0.000000,0.000000,0.000000,0.000000,0.000000,0.000000,100.000,0.000,100.000,,
1787463242.303843021,0,0.000000,0.000000,0.000000,0.000000,0.000000,0.000000,0.000000,0.000000,100.000,0.000,100.000,,
1787463242.403690100,0,0.000000,0.000000,0.000000,0.000000,0.000000,0.000000,0.000000,0.000000,100.000,0.000,100.000,,
1787463242.503599882,0,0.000000,0.000000,0.000000,0.000000,0.000000,0.000000,0.000000,0.000000,100.000,0.000,100.000,,
1787463242.603788376,0,0.000000,0.000000,0.000000,0.000000,0.000000,0.000000,0.000000,0.000000,100.000,0.000,100.000,,
1787463242.703942060,0,0.000000,0.000000,0.000000,0.000000,0.000000,0.000000,0.000000,0.000000,100.000,0.000,100.000,,
1787463242.803974867,0,0.000000,0.000000,0.000000,0.000000,0.000000,0.000000,0.000000,0.000000,100.000,0.000,100.000,,
1787463242.904217005,0,0.000000,0.000000,0.000000,0.000000,0.000000,0.000000,0.000000,0.000000,100.000,0.000,100.000,,
1787463243.004055500,0,0.000000,0.000000,0.000000,0.000000,0.000000,0.000000,0.000000,0.000000,100.000,0.000,100.000,,
1787463243.104083776,0,0.000000,0.000000,0.000000,0.000000,0.000000,0.000000,0.000000,0.000000,100.000,0.000,100.000,,
1787463243.203859568,0,0.000000,0.000000,0.000000,0.000000,0.000000,0.000000,0.000000,0.000000,100.000,0.000,100.000,,
1787463243.303901434,0,0.000000,0.000000,0.000000,0.000000,0.000000,0.000000,0.000000,0.000000,100.000,0.000,100.000,,
1787463243.403870106,0,0.000000,0.000000,0.000000,0.000000,0.000000,0.000000,0.000000,0.000000,100.000,0.000,100.000,,
1787463243.503826857,0,0.000000,0.000000,0.000000,0.000000,0.000000,0.000000,0.000000,0.000000,100.000,0.000,100.000,,
1787463243.604180336,0,0.000000,0.000000,0.000000,0.000000,0.000000,0.000000,0.000000,0.000000,100.000,0.000,100.000,,
1787463243.703756809,0,0.000000,0.000000,0.000000,0.000000,0.000000,0.000000,0.000000,0.000000,100.000,0.000,100.000,,
1787463243.803698540,0,0.000000,0.000000,0.000000,0.000000,0.000000,0.000000,0.000000,0.000000,100.000,0.000,100.000,,
1787463243.903961182,0,0.000000,0.000000,0.000000,0.000000,0.000000,0.000000,0.000000,0.000000,100.000,0.000,100.000,,
1787463244.004013538,0,0.000000,0.000000,0.000000,0.000000,0.000000,0.000000,0.000000,0.000000,100.000,0.000,100.000,,
1787463244.104348421,0,0.000000,0.000000,0.000000,0.000000,0.000000,0.000000,0.000000,0.000000,100.000,0.000,100.000,,
1787463244.204265833,0,0.000000,0.000000,0.000000,0.000000,0.000000,0.000000,0.000000,0.000000,100.000,0.000,100.000,,
1787463244.303992510,0,0.000000,0.000000,0.000000,0.000000,0.000000,0.000000,0.000000,0.000000,100.000,0.000,100.000,,
1787463244.403611660,0,0.000000,0.000000,0.000000,0.000000,0.000000,0.000000,0.000000,0.000000,100.000,0.000,100.000,,
1787463244.503758669,0,0.000000,0.000000,0.000000,0.000000,0.000000,0.000000,0.000000,0.000000,100.000,0.000,100.000,,
1787463244.604022026,0,0.000000,0.000000,0.000000,0.000000,0.000000,0.000000,0.000000,0.000000,100.000,0.000,100.000,,
1787463244.704094887,0,0.000000,0.000000,0.000000,0.000000,0.000000,0.000000,0.000000,0.000000,100.000,0.000,100.000,,
1787463244.803738832,0,0.000000,0.000000,0.000000,0.000000,0.000000,0.000000,0.000000,0.000000,100.000,0.000,100.000,,
1787463244.904032946,0,0.000000,0.000000,0.000000,0.000000,0.000000,0.000000,0.000000,0.000000,100.000,0.000,100.000,,
1787463245.003924847,0,0.000000,0.000000,0.000000,0.000000,0.000000,0.000000,0.000000,0.000000,100.000,0.000,100.000,,
1787463245.103798389,0,0.000000,0.000000,0.000000,0.000000,0.000000,0.000000,0.000000,0.000000,100.000,0.000,100.000,,
1787463245.203740120,0,0.000000,0.000000,0.000000,0.000000,0.000000,0.000000,0.000000,0.000000,100.000,0.000,100.000,,
1787463245.303532362,0,0.000000,0.000000,0.000000,0.000000,0.000000,0.000000,0.000000,0.000000,100.000,0.000,100.000,,
1787463245.403841496,0,0.000000,0.000000,0.000000,0.000000,0.000000,0.000000,0.000000,0.000000,100.000,0.000,100.000,,
1787463245.503911018,0,0.000000,0.000000,0.000000,0.000000,0.000000,0.000000,0.000000,0.000000,100.000,0.000,100.000,,
1787463245.603918791,0,0.000000,0.000000,0.000000,0.000000,0.000000,0.000000,0.000000,0.000000,100.000,0.000,100.000,,
1787463245.703799486,0,0.000000,0.000000,0.000000,0.000000,0.000000,0.000000,0.000000,0.000000,100.000,0.000,100.000,,
1787463245.803747416,0,0.000000,0.000000,0.000000,0.000000,0.000000,0.000000,0.000000,0.000000,100.000,0.000,100.000,,
1787463245.904635429,0,0.000000,0.000000,0.000000,0.000000,0.000000,0.000000,0.000000,0.000000,100.000,0.000,100.000,,
1787463246.004657745,0,0.000000,0.000000,0.000000,0.000000,0.000000,0.000000,0.000000,0.000000,100.000,0.000,100.000,,
1787463246.104125500,0,0.000000,0.000000,0.000000,0.000000,0.000000,0.000000,0.000000,0.000000,100.000,0.000,100.000,,
1787463246.204442263,0,0.000000,0.000000,0.000000,0.000000,0.000000,0.000000,0.000000,0.000000,100.000,0.000,100.000,,
1787463246.304404020,0,0.000000,0.000000,0.000000,0.000000,0.000000,0.000000,0.000000,0.000000,100.000,0.000,100.000,,
1787463246.404516220,0,0.000000,0.000000,0.000000,0.000000,0.000000,0.000000,0.000000,0.000000,100.000,0.000,100.000,,
1787463246.504317760,0,0.000000,0.000000,0.000000,0.000000,0.000000,0.000000,0.000000,0.000000,100.000,0.000,100.000,,
1787463246.604058504,0,0.000000,0.000000,0.000000,0.000000,0.000000,0.000000,0.000000,0.000000,100.000,0.000,100.000,,
1787463246.704049587,0,0.000000,0.000000,0.000000,0.000000,0.000000,0.000000,0.000000,0.000000,100.000,0.000,100.000,,
1787463246.803611994,0,0.000000,0.000000,0.000000,0.000000,0.000000,0.000000,0.000000,0.000000,100.000,0.000,100.000,,
1787463246.904201031,0,0.000000,0.000000,0.000000,0.000000,0.000000,0.000000,0.000000,0.000000,100.000,0.000,100.000,,
1787463247.004208088,0,0.000000,0.000000,0.000000,0.000000,0.000000,0.000000,0.000000,0.000000,100.000,0.000,100.000,,
1787463247.104003191,0,0.000000,0.000000,0.000000,0.000000,0.000000,0.000000,0.000000,0.000000,100.000,0.000,100.000,,
1787463247.204192877,0,0.000000,0.000000,0.000000,0.000000,0.000000,0.000000,0.000000,0.000000,100.000,0.000,100.000,,
1787463247.304173231,0,0.000000,0.000000,0.000000,0.000000,0.000000,0.000000,0.000000,0.000000,100.000,0.000,100.000,,
1787463247.404160976,0,0.000000,0.000000,0.000000,0.000000,0.000000,0.000000,0.000000,0.000000,100.000,0.000,100.000,,
1787463247.503669262,0,0.000000,0.000000,0.000000,0.000000,0.000000,0.000000,0.000000,0.000000,100.000,0.000,100.000,,
1787463247.604526758,0,0.000000,0.000000,0.000000,0.000000,0.000000,0.000000,0.000000,0.000000,100.000,0.000,100.000,,
1787463247.704283476,0,0.000000,0.000000,0.000000,0.000000,0.000000,0.000000,0.000000,0.000000,100.000,0.000,100.000,,
1787463247.804022312,0,0.000000,0.000000,0.000000,0.000000,0.000000,0.000000,0.000000,0.000000,100.000,0.000,100.000,,
1787463247.904057741,0,0.000000,0.000000,0.000000,0.000000,0.000000,0.000000,0.000000,0.000000,100.000,0.000,100.000,,
1787463248.004521370,0,0.000000,0.000000,0.000000,0.000000,0.000000,0.000000,0.000000,0.000000,100.000,0.000,100.000,,
1787463248.104120016,0,0.000000,0.000000,0.000000,0.000000,0.000000,0.000000,0.000000,0.000000,100.000,0.000,100.000,,
1787463248.204367638,0,0.000000,0.000000,0.000000,0.000000,0.000000,0.000000,0.000000,0.000000,100.000,0.000,100.000,,
1787463248.303968430,0,0.000000,0.000000,0.000000,0.000000,0.000000,0.000000,0.000000,0.000000,100.000,0.000,100.000,,
1787463248.404634953,0,0.000000,0.000000,0.000000,0.000000,0.000000,0.000000,0.000000,0.000000,100.000,0.000,100.000,,
1787463248.504294395,0,0.000000,0.000000,0.000000,0.000000,0.000000,0.000000,0.000000,0.000000,100.000,0.000,100.000,,
1787463248.603770971,0,0.000000,0.000000,0.000000,0.000000,0.000000,0.000000,0.000000,0.000000,100.000,0.000,100.000,,
1787463248.704489231,0,0.000000,0.000000,0.000000,0.000000,0.000000,0.000000,0.000000,0.000000,100.000,0.000,100.000,,
1787463248.804207325,0,0.000000,0.000000,0.000000,0.000000,0.000000,0.000000,0.000000,0.000000,100.000,0.000,100.000,,
1787463248.904253960,0,0.000000,0.000000,0.000000,0.000000,0.000000,0.000000,0.000000,0.000000,100.000,0.000,100.000,,
1787463249.004623413,0,0.000000,0.000000,0.000000,0.000000,0.000000,0.000000,0.000000,0.000000,100.000,0.000,100.000,,
1787463249.104231358,0,0.000000,0.000000,0.000000,0.000000,0.000000,0.000000,0.000000,0.000000,100.000,0.000,100.000,,
1787463249.204267263,0,0.000000,0.000000,0.000000,0.000000,0.000000,0.000000,0.000000,0.000000,100.000,0.000,100.000,,
1787463249.304430723,0,0.000000,0.000000,0.000000,0.000000,0.000000,0.000000,0.000000,0.000000,100.000,0.000,100.000,,
1787463249.404249668,0,0.000000,0.000000,0.000000,0.000000,0.000000,0.000000,0.000000,0.000000,100.000,0.000,100.000,,
1787463249.504383564,0,0.000000,0.000000,0.000000,0.000000,0.000000,0.000000,0.000000,0.000000,100.000,0.000,100.000,,
1787463249.604225397,0,0.000000,0.000000,0.000000,0.000000,0.000000,0.000000,0.000000,0.000000,100.000,0.000,100.000,,
1787463249.704418182,0,0.000000,0.000000,0.000000,0.000000,0.000000,0.000000,0.000000,0.000000,100.000,0.000,100.000,,
1787463249.803778887,0,0.000000,0.000000,0.000000,0.000000,0.000000,0.000000,0.000000,0.000000,100.000,0.000,100.000,,
1787463249.904094219,0,0.000000,0.000000,0.000000,0.000000,0.000000,0.000000,0.000000,0.000000,100.000,0.000,100.000,,
1787463250.003553152,0,0.000000,0.000000,0.000000,0.000000,0.000000,0.000000,0.000000,0.000000,100.000,0.000,100.000,,
1787463250.103393793,0,0.000000,0.000000,0.000000,0.000000,0.000000,0.000000,0.000000,0.000000,100.000,0.000,100.000,,
1787463250.203807354,0,0.000000,0.000000,0.000000,0.000000,0.000000,0.000000,0.000000,0.000000,100.000,0.000,100.000,,
1787463250.303706408,0,0.000000,0.000000,0.000000,0.000000,0.000000,0.000000,0.000000,0.000000,100.000,0.000,100.000,,
1787463250.403854132,0,0.000000,0.000000,0.000000,0.000000,0.000000,0.000000,0.000000,0.000000,100.000,0.000,100.000,,
1787463250.503807068,0,0.000000,0.000000,0.000000,0.000000,0.000000,0.000000,0.000000,0.000000,100.000,0.000,100.000,,
1787463250.603409767,0,0.000000,0.000000,0.000000,0.000000,0.000000,0.000000,0.000000,0.000000,100.000,0.000,100.000,,
1787463250.704001904,0,0.000000,0.000000,0.000000,0.000000,0.000000,0.000000,0.000000,0.000000,100.000,0.000,100.000,,
1787463250.804258823,0,0.000000,0.000000,0.000000,0.000000,0.000000,0.000000,0.000000,0.000000,100.000,0.000,100.000,,
1787463250.903905392,0,0.000000,0.000000,0.000000,0.000000,0.000000,0.000000,0.000000,0.000000,100.000,0.000,100.000,,
1787463251.003722429,0,0.000000,0.000000,0.000000,0.000000,0.000000,0.000000,0.000000,0.000000,100.000,0.000,100.000,,
1787463251.103742838,0,0.000000,0.000000,0.000000,0.000000,0.000000,0.000000,0.000000,0.000000,100.000,0.000,100.000,,
1787463251.203558207,0,0.000000,0.000000,0.000000,0.000000,0.000000,0.000000,0.000000,0.000000,100.000,0.000,100.000,,
1787463251.303948641,0,0.000000,0.000000,0.000000,0.000000,0.000000,0.000000,0.000000,0.000000,100.000,0.000,100.000,,
1787463251.403759241,0,0.000000,0.000000,0.000000,0.000000,0.000000,0.000000,0.000000,0.000000,100.000,0.000,100.000,,
1787463251.503540993,0,0.000000,0.000000,0.000000,0.000000,0.000000,0.000000,0.000000,0.000000,100.000,0.000,100.000,,
1787463251.603648663,0,0.000000,0.000000,0.000000,0.000000,0.000000,0.000000,0.000000,0.000000,100.000,0.000,100.000,,
1787463251.703639507,0,0.000000,0.000000,0.000000,0.000000,0.000000,0.000000,0.000000,0.000000,100.000,0.000,100.000,,
1787463251.804051399,0,0.000000,0.000000,0.000000,0.000000,0.000000,0.000000,0.000000,0.000000,100.000,0.000,100.000,,
1787463251.903973818,0,0.000000,0.000000,0.000000,0.000000,0.000000,0.000000,0.000000,0.000000,100.000,0.000,100.000,,
1787463252.003934860,0,0.000000,0.000000,0.000000,0.000000,0.000000,0.000000,0.000000,0.000000,100.000,0.000,100.000,,
1787463252.103801250,0,0.000000,0.000000,0.000000,0.000000,0.000000,0.000000,0.000000,0.000000,100.000,0.000,100.000,,
1787463252.203886986,0,0.000000,0.000000,0.000000,0.000000,0.000000,0.000000,0.000000,0.000000,100.000,0.000,100.000,,
1787463252.303948641,0,0.000000,0.000000,0.000000,0.000000,0.000000,0.000000,0.000000,0.000000,100.000,0.000,100.000,,
1787463252.404227734,0,0.000000,0.000000,0.000000,0.000000,0.000000,0.000000,0.000000,0.000000,100.000,0.000,100.000,,
1787463252.504005194,0,0.000000,0.000000,0.000000,0.000000,0.000000,0.000000,0.000000,0.000000,100.000,0.000,100.000,,
1787463252.603985548,0,0.000000,0.000000,0.000000,0.000000,0.000000,0.000000,0.000000,0.000000,100.000,0.000,100.000,,
1787463252.704271317,0,0.000000,0.000000,0.000000,0.000000,0.000000,0.000000,0.000000,0.000000,100.000,0.000,100.000,,
1787463252.803908348,0,0.000000,0.000000,0.000000,0.000000,0.000000,0.000000,0.000000,0.000000,100.000,0.000,100.000,,
1787463252.903542280,0,0.000000,0.000000,0.000000,0.000000,0.000000,0.000000,0.000000,0.000000,100.000,0.000,100.000,,
1787463253.003644466,0,0.000000,0.000000,0.000000,0.000000,0.000000,0.000000,0.000000,0.000000,100.000,0.000,100.000,,
1787463253.103618383,0,0.000000,0.000000,0.000000,0.000000,0.000000,0.000000,0.000000,0.000000,100.000,0.000,100.000,,
1787463253.203560114,0,0.000000,0.000000,0.000000,0.000000,0.000000,0.000000,0.000000,0.000000,100.000,0.000,100.000,,
1787463253.304437876,0,0.000000,0.000000,0.000000,0.000000,0.000000,0.000000,0.000000,0.000000,100.000,0.000,100.000,,
1787463253.404335976,0,0.000000,0.000000,0.000000,0.000000,0.000000,0.000000,0.000000,0.000000,100.000,0.000,100.000,,
1787463253.503945827,0,0.000000,0.000000,0.000000,0.000000,0.000000,0.000000,0.000000,0.000000,100.000,0.000,100.000,,
1787463253.604024887,0,0.000000,0.000000,0.000000,0.000000,0.000000,0.000000,0.000000,0.000000,100.000,0.000,100.000,,
1787463253.704360962,0,0.000000,0.000000,0.000000,0.000000,0.000000,0.000000,0.000000,0.000000,100.000,0.000,100.000,,
1787463253.804341078,0,0.000000,0.000000,0.000000,0.000000,0.000000,0.000000,0.000000,0.000000,100.000,0.000,100.000,,
1787463253.904253244,0,0.000000,0.000000,0.000000,0.000000,0.000000,0.000000,0.000000,0.000000,100.000,0.000,100.000,,
1787463254.004279613,0,0.000000,0.000000,0.000000,0.000000,0.000000,0.000000,0.000000,0.000000,100.000,0.000,100.000,,
1787463254.103933811,0,0.000000,0.000000,0.000000,0.000000,0.000000,0.000000,0.000000,0.000000,100.000,0.000,100.000,,
1787463254.203960896,0,0.000000,0.000000,0.000000,0.000000,0.000000,0.000000,0.000000,0.000000,100.000,0.000,100.000,,
1787463254.303736210,0,0.000000,0.000000,0.000000,0.000000,0.000000,0.000000,0.000000,0.000000,100.000,0.000,100.000,,
1787463254.403818369,0,0.000000,0.000000,0.000000,0.000000,0.000000,0.000000,0.000000,0.000000,100.000,0.000,100.000,,
1787463254.503608942,0,0.000000,0.000000,0.000000,0.000000,0.000000,0.000000,0.000000,0.000000,100.000,0.000,100.000,,
1787463254.603585482,0,0.000000,0.000000,0.000000,0.000000,0.000000,0.000000,0.000000,0.000000,100.000,0.000,100.000,,
1787463254.703660727,0,0.000000,0.000000,0.000000,0.000000,0.000000,0.000000,0.000000,0.000000,100.000,0.000,100.000,,
1787463254.804054737,0,0.000000,0.000000,0.000000,0.000000,0.000000,0.000000,0.000000,0.000000,100.000,0.000,100.000,,
1787463254.904042244,0,0.000000,0.000000,0.000000,0.000000,0.000000,0.000000,0.000000,0.000000,100.000,0.000,100.000,,
1787463255.004142046,0,0.000000,0.000000,0.000000,0.000000,0.000000,0.000000,0.000000,0.000000,100.000,0.000,100.000,,
1787463255.104072571,0,0.000000,0.000000,0.000000,0.000000,0.000000,0.000000,0.000000,0.000000,100.000,0.000,100.000,,
1787463255.204008579,0,0.000000,0.000000,0.000000,0.000000,0.000000,0.000000,0.000000,0.000000,100.000,0.000,100.000,,
1787463255.303690672,0,0.000000,0.000000,0.000000,0.000000,0.000000,0.000000,0.000000,0.000000,100.000,0.000,100.000,,
1787463255.404202938,0,0.000000,0.000000,0.000000,0.000000,0.000000,0.000000,0.000000,0.000000,100.000,0.000,100.000,,
1787463255.504039526,0,0.000000,0.000000,0.000000,0.000000,0.000000,0.000000,0.000000,0.000000,100.000,0.000,100.000,,
1787463255.603890181,0,0.000000,0.000000,0.000000,0.000000,0.000000,0.000000,0.000000,0.000000,100.000,0.000,100.000,,
1787463255.704160929,0,0.000000,0.000000,0.000000,0.000000,0.000000,0.000000,0.000000,0.000000,100.000,0.000,100.000,,
1787463255.803826094,0,0.000000,0.000000,0.000000,0.000000,0.000000,0.000000,0.000000,0.000000,100.000,0.000,100.000,,
1787463255.903887987,0,0.000000,0.000000,0.000000,0.000000,0.000000,0.000000,0.000000,0.000000,100.000,0.000,100.000,,
1787463256.003522396,0,0.000000,0.000000,0.000000,0.000000,0.000000,0.000000,0.000000,0.000000,100.000,0.000,100.000,,
1787463256.103566885,0,0.000000,0.000000,0.000000,0.000000,0.000000,0.000000,0.000000,0.000000,100.000,0.000,100.000,,
1787463256.204078674,0,0.000000,0.000000,0.000000,0.000000,0.000000,0.000000,0.000000,0.000000,100.000,0.000,100.000,,
1787463256.303577185,0,0.000000,0.000000,0.000000,0.000000,0.000000,0.000000,0.000000,0.000000,100.000,0.000,100.000,,
1787463256.403696775,0,0.000000,0.000000,0.000000,0.000000,0.000000,0.000000,0.000000,0.000000,100.000,0.000,100.000,,
1787463256.504052639,0,0.000000,0.000000,0.000000,0.000000,0.000000,0.000000,0.000000,0.000000,100.000,0.000,100.000,,
1787463256.604166269,0,0.000000,0.000000,0.000000,0.000000,0.000000,0.000000,0.000000,0.000000,100.000,0.000,100.000,,
1787463256.704105854,0,0.000000,0.000000,0.000000,0.000000,0.000000,0.000000,0.000000,0.000000,100.000,0.000,100.000,,
1787463256.804119110,0,0.000000,0.000000,0.000000,0.000000,0.000000,0.000000,0.000000,0.000000,100.000,0.000,100.000,,
1787463256.903866053,0,0.000000,0.000000,0.000000,0.000000,0.000000,0.000000,0.000000,0.000000,100.000,0.000,100.000,,
1787463257.003930569,0,0.000000,0.000000,0.000000,0.000000,0.000000,0.000000,0.000000,0.000000,100.000,0.000,100.000,,
1787463257.103928328,0,0.000000,0.000000,0.000000,0.000000,0.000000,0.000000,0.000000,0.000000,100.000,0.000,100.000,,
1787463257.204018354,0,0.000000,0.000000,0.000000,0.000000,0.000000,0.000000,0.000000,0.000000,100.000,0.000,100.000,,
1787463257.303977489,0,0.000000,0.000000,0.000000,0.000000,0.000000,0.000000,0.000000,0.000000,100.000,0.000,100.000,,
1787463257.404416084,0,0.000000,0.000000,0.000000,0.000000,0.000000,0.000000,0.000000,0.000000,100.000,0.000,100.000,,
1787463257.504237413,0,0.000000,0.000000,0.000000,0.000000,0.000000,0.000000,0.000000,0.000000,100.000,0.000,100.000,,
1787463257.604096889,0,0.000000,0.000000,0.000000,0.000000,0.000000,0.000000,0.000000,0.000000,100.000,0.000,100.000,,
1787463257.703970432,0,0.000000,0.000000,0.000000,0.000000,0.000000,0.000000,0.000000,0.000000,100.000,0.000,100.000,,
1787463257.803783178,0,0.000000,0.000000,0.000000,0.000000,0.000000,0.000000,0.000000,0.000000,100.000,0.000,100.000,,
1787463257.903785944,0,0.000000,0.000000,0.000000,0.000000,0.000000,0.000000,0.000000,0.000000,100.000,0.000,100.000,,
1787463258.004175425,0,0.000000,0.000000,0.000000,0.000000,0.000000,0.000000,0.000000,0.000000,100.000,0.000,100.000,,
1787463258.104243994,0,0.000000,0.000000,0.000000,0.000000,0.000000,0.000000,0.000000,0.000000,100.000,0.000,100.000,,
1787463258.204329014,0,0.000000,0.000000,0.000000,0.000000,0.000000,0.000000,0.000000,0.000000,100.000,0.000,100.000,,
1787463258.304155350,0,0.000000,0.000000,0.000000,0.000000,0.000000,0.000000,0.000000,0.000000,100.000,0.000,100.000,,
1787463258.404438734,0,0.000000,0.000000,0.000000,0.000000,0.000000,0.000000,0.000000,0.000000,100.000,0.000,100.000,,
1787463258.504077673,0,0.000000,0.000000,0.000000,0.000000,0.000000,0.000000,0.000000,0.000000,100.000,0.000,100.000,,
1787463258.603989601,0,0.000000,0.000000,0.000000,0.000000,0.000000,0.000000,0.000000,0.000000,100.000,0.000,100.000,,
1787463258.703978777,0,0.000000,0.000000,0.000000,0.000000,0.000000,0.000000,0.000000,0.000000,100.000,0.000,100.000,,
1787463258.803919077,0,0.000000,0.000000,0.000000,0.000000,0.000000,0.000000,0.000000,0.000000,100.000,0.000,100.000,,
1787463258.904173851,0,0.000000,0.000000,0.000000,0.000000,0.000000,0.000000,0.000000,0.000000,100.000,0.000,100.000,,
1787463259.004101515,0,0.000000,0.000000,0.000000,0.000000,0.000000,0.000000,0.000000,0.000000,100.000,0.000,100.000,,
1787463259.103621244,0,0.000000,0.000000,0.000000,0.000000,0.000000,0.000000,0.000000,0.000000,100.000,0.000,100.000,,
1787463259.203706264,0,0.000000,0.000000,0.000000,0.000000,0.000000,0.000000,0.000000,0.000000,100.000,0.000,100.000,,
1787463259.303568840,0,0.000000,0.000000,0.000000,0.000000,0.000000,0.000000,0.000000,0.000000,100.000,0.000,100.000,,
1787463259.403650761,0,0.000000,0.000000,0.000000,0.000000,0.000000,0.000000,0.000000,0.000000,100.000,0.000,100.000,,
1787463259.503393650,0,0.000000,0.000000,0.000000,0.000000,0.000000,0.000000,0.000000,0.000000,100.000,0.000,100.000,,
